/*
 Navicat Premium Dump SQL

 Source Server         : 8.0数据库
 Source Server Type    : MySQL
 Source Server Version : 80012 (8.0.12)
 Source Host           : localhost:3306
 Source Schema         : teacher_student_forum

 Target Server Type    : MySQL
 Target Server Version : 80012 (8.0.12)
 File Encoding         : 65001

 Date: 16/07/2025 20:02:14
*/

SET NAMES utf8mb4;
SET FOREIGN_KEY_CHECKS = 0;

-- ----------------------------
-- Table structure for comment
-- ----------------------------
DROP TABLE IF EXISTS `comment`;
CREATE TABLE `comment`  (
  `comment_id` int(11) NOT NULL AUTO_INCREMENT COMMENT '评论ID',
  `post_id` int(11) NOT NULL COMMENT '帖子ID',
  `user_id` int(11) NOT NULL COMMENT '评论用户ID',
  `content` text CHARACTER SET utf8mb4 COLLATE utf8mb4_0900_ai_ci NOT NULL COMMENT '评论内容',
  `create_time` datetime NOT NULL COMMENT '评论时间',
  `parent_id` int(11) NULL DEFAULT NULL COMMENT '父评论ID（用于回复评论）',
  `status` int(11) NOT NULL DEFAULT 1 COMMENT '评论状态（0-删除，1-正常）',
  PRIMARY KEY (`comment_id`) USING BTREE,
  INDEX `idx_post_id`(`post_id` ASC) USING BTREE,
  INDEX `idx_user_id`(`user_id` ASC) USING BTREE,
  INDEX `idx_parent_id`(`parent_id` ASC) USING BTREE,
  CONSTRAINT `fk_comment_parent` FOREIGN KEY (`parent_id`) REFERENCES `comment` (`comment_id`) ON DELETE SET NULL ON UPDATE RESTRICT,
  CONSTRAINT `fk_comment_post` FOREIGN KEY (`post_id`) REFERENCES `post` (`post_id`) ON DELETE CASCADE ON UPDATE RESTRICT,
  CONSTRAINT `fk_comment_user` FOREIGN KEY (`user_id`) REFERENCES `user` (`user_id`) ON DELETE CASCADE ON UPDATE RESTRICT
) ENGINE = InnoDB AUTO_INCREMENT = 21 CHARACTER SET = utf8mb4 COLLATE = utf8mb4_0900_ai_ci COMMENT = '评论表' ROW_FORMAT = DYNAMIC;

-- ----------------------------
-- Records of comment
-- ----------------------------
INSERT INTO `comment` VALUES (1, 1, 3, '非常赞同楼主的观点，微积分教学确实需要更多实例。', '2025-01-10 10:30:00', NULL, 1);
INSERT INTO `comment` VALUES (2, 1, 4, '我认为可以引入更多可视化工具辅助教学。', '2025-01-10 11:00:00', NULL, 1);
INSERT INTO `comment` VALUES (3, 1, 2, '感谢各位的建议，我会在教学中尝试采纳。', '2025-01-10 14:00:00', NULL, 1);
INSERT INTO `comment` VALUES (4, 1, 5, '作为学生，我觉得多做习题很重要。', '2025-01-10 15:20:00', NULL, 1);
INSERT INTO `comment` VALUES (5, 1, 3, '完全同意，理论结合实践是关键。', '2025-01-10 16:45:00', 2, 1);
INSERT INTO `comment` VALUES (6, 2, 5, '非常感谢分享，这些资源对我帮助很大！', '2025-01-11 16:10:00', NULL, 0);
INSERT INTO `comment` VALUES (7, 3, 2, '建议你检查一下网站的robots.txt文件，可能有访问限制。', '2025-01-12 17:00:00', NULL, 1);
INSERT INTO `comment` VALUES (8, 3, 3, '另外，可能需要添加请求头模拟浏览器行为。', '2025-01-12 17:30:00', NULL, 1);
INSERT INTO `comment` VALUES (9, 4, 6, '这些经验分享很有价值，特别是数据预处理部分。', '2025-01-13 10:00:00', NULL, 1);
INSERT INTO `comment` VALUES (10, 5, 4, '我有兴趣加入，请问如何报名？', '2025-01-14 16:30:00', NULL, 1);
INSERT INTO `comment` VALUES (11, 5, 5, '可以添加我的微信，发送入社申请。', '2025-01-14 16:45:00', 10, 1);
INSERT INTO `comment` VALUES (12, 6, 2, '食堂的饭菜质量近期确实有所提高。', '2025-01-15 13:20:00', NULL, 1);

-- ----------------------------
-- Table structure for comment_like
-- ----------------------------
DROP TABLE IF EXISTS `comment_like`;
CREATE TABLE `comment_like`  (
  `id` int(11) NOT NULL AUTO_INCREMENT COMMENT '记录ID',
  `comment_id` int(11) NOT NULL COMMENT '评论ID',
  `user_id` int(11) NOT NULL COMMENT '用户ID',
  `create_time` datetime NOT NULL COMMENT '点赞时间',
  `status` int(11) NOT NULL DEFAULT 1 COMMENT '状态（0-取消，1-有效）',
  PRIMARY KEY (`id`) USING BTREE,
  UNIQUE INDEX `idx_comment_user`(`comment_id` ASC, `user_id` ASC) USING BTREE,
  INDEX `idx_user_id`(`user_id` ASC) USING BTREE,
  CONSTRAINT `fk_like_comment` FOREIGN KEY (`comment_id`) REFERENCES `comment` (`comment_id`) ON DELETE CASCADE ON UPDATE RESTRICT,
  CONSTRAINT `fk_like_user` FOREIGN KEY (`user_id`) REFERENCES `user` (`user_id`) ON DELETE CASCADE ON UPDATE RESTRICT
) ENGINE = InnoDB AUTO_INCREMENT = 11 CHARACTER SET = utf8mb4 COLLATE = utf8mb4_0900_ai_ci COMMENT = '评论点赞表' ROW_FORMAT = DYNAMIC;

-- ----------------------------
-- Records of comment_like
-- ----------------------------
INSERT INTO `comment_like` VALUES (1, 1, 4, '2025-02-05 10:15:00', 1);
INSERT INTO `comment_like` VALUES (2, 1, 5, '2025-02-05 11:30:00', 1);
INSERT INTO `comment_like` VALUES (3, 2, 3, '2025-02-05 14:00:00', 1);
INSERT INTO `comment_like` VALUES (4, 3, 4, '2025-02-05 15:45:00', 1);
INSERT INTO `comment_like` VALUES (5, 6, 2, '2025-02-06 09:20:00', 1);
INSERT INTO `comment_like` VALUES (6, 7, 4, '2025-02-06 10:30:00', 1);
INSERT INTO `comment_like` VALUES (7, 7, 5, '2025-02-06 11:45:00', 1);
INSERT INTO `comment_like` VALUES (8, 9, 3, '2025-02-07 14:10:00', 1);
INSERT INTO `comment_like` VALUES (9, 9, 7, '2025-05-14 17:47:01', 1);
INSERT INTO `comment_like` VALUES (10, 4, 5, '2025-05-02 10:59:42', 0);

-- ----------------------------
-- Table structure for notification
-- ----------------------------
DROP TABLE IF EXISTS `notification`;
CREATE TABLE `notification`  (
  `notification_id` int(11) NOT NULL AUTO_INCREMENT COMMENT '通知ID',
  `title` varchar(200) CHARACTER SET utf8mb4 COLLATE utf8mb4_0900_ai_ci NOT NULL COMMENT '通知标题',
  `content` text CHARACTER SET utf8mb4 COLLATE utf8mb4_0900_ai_ci NOT NULL COMMENT '通知内容',
  `user_id` int(11) NOT NULL COMMENT '发布用户ID',
  `create_time` datetime NOT NULL COMMENT '发布时间',
  `status` int(11) NOT NULL DEFAULT 1 COMMENT '通知状态（0-下线，1-发布）',
  PRIMARY KEY (`notification_id`) USING BTREE,
  INDEX `idx_user_id`(`user_id` ASC) USING BTREE,
  CONSTRAINT `fk_notification_user` FOREIGN KEY (`user_id`) REFERENCES `user` (`user_id`) ON DELETE CASCADE ON UPDATE RESTRICT
) ENGINE = InnoDB AUTO_INCREMENT = 5 CHARACTER SET = utf8mb4 COLLATE = utf8mb4_0900_ai_ci COMMENT = '系统通知表' ROW_FORMAT = DYNAMIC;

-- ----------------------------
-- Records of notification
-- ----------------------------
INSERT INTO `notification` VALUES (1, '系统升级通知', '系统将于2023年2月1日晚22:00-次日凌晨2:00进行升级维护，期间服务不可用，请各位用户提前做好准备。', 1, '2025-01-25 09:00:00', 1);
INSERT INTO `notification` VALUES (2, '教师节活动通知', '在即将到来的教师节，论坛将举办\"感恩教师\"主题活动，欢迎广大师生积极参与。', 1, '2025-01-26 10:30:00', 1);
INSERT INTO `notification` VALUES (3, '新功能上线通知', '论坛新增资源收藏功能，现在您可以收藏喜欢的资源了！！', 1, '2025-01-27 14:15:00', 1);

-- ----------------------------
-- Table structure for post
-- ----------------------------
DROP TABLE IF EXISTS `post`;
CREATE TABLE `post`  (
  `post_id` int(11) NOT NULL AUTO_INCREMENT COMMENT '帖子ID',
  `user_id` int(11) NOT NULL COMMENT '发帖用户ID',
  `section_id` int(11) NOT NULL COMMENT '所属版区ID',
  `title` varchar(200) CHARACTER SET utf8mb4 COLLATE utf8mb4_0900_ai_ci NOT NULL COMMENT '帖子标题',
  `content` longtext CHARACTER SET utf8mb4 COLLATE utf8mb4_0900_ai_ci NOT NULL COMMENT '帖子内容',
  `create_time` datetime NOT NULL COMMENT '发布时间',
  `update_time` datetime NULL DEFAULT NULL COMMENT '最后更新时间',
  `view_count` int(11) NOT NULL DEFAULT 0 COMMENT '浏览次数',
  `is_essence` int(11) NOT NULL DEFAULT 0 COMMENT '是否精华（0-否，1-是）',
  `status` int(11) NOT NULL DEFAULT 1 COMMENT '帖子状态（0-删除，1-正常）',
  PRIMARY KEY (`post_id`) USING BTREE,
  INDEX `idx_user_id`(`user_id` ASC) USING BTREE,
  INDEX `idx_section_id`(`section_id` ASC) USING BTREE,
  INDEX `idx_create_time`(`create_time` ASC) USING BTREE,
  CONSTRAINT `fk_post_section` FOREIGN KEY (`section_id`) REFERENCES `section` (`section_id`) ON DELETE CASCADE ON UPDATE RESTRICT,
  CONSTRAINT `fk_post_user` FOREIGN KEY (`user_id`) REFERENCES `user` (`user_id`) ON DELETE CASCADE ON UPDATE RESTRICT
) ENGINE = InnoDB AUTO_INCREMENT = 17 CHARACTER SET = utf8mb4 COLLATE = utf8mb4_0900_ai_ci COMMENT = '帖子表' ROW_FORMAT = DYNAMIC;

-- ----------------------------
-- Records of post
-- ----------------------------
INSERT INTO `post` VALUES (1, 2, 1, '关于微积分的教学方法探讨', '本帖讨论微积分教学方法的创新与改进，欢迎各位老师同学参与讨论...', '2025-01-10 10:00:00', NULL, 130, 1, 1);
INSERT INTO `post` VALUES (2, 2, 2, '分享一套高质量的编程教学资源', '最近整理了一套编程教学资源，包括slides、代码示例和习题，希望对大家有所帮助...', '2025-01-11 14:00:00', NULL, 85, 0, 1);
INSERT INTO `post` VALUES (3, 4, 4, '请教：Python爬虫遇到的问题', '在编写Python爬虫时遇到了一些问题，请各位大神指点...', '2025-01-12 16:30:00', NULL, 56, 0, 1);
INSERT INTO `post` VALUES (4, 3, 1, '数学建模竞赛经验分享', '作为指导老师，分享一些关于数学建模竞赛的经验和技巧...', '2025-01-13 09:15:00', NULL, 150, 1, 1);
INSERT INTO `post` VALUES (5, 5, 3, '校园摄影社团招新啦', '校园摄影社团开始招新，欢迎摄影爱好者加入我们的大家庭...', '2025-01-14 15:45:00', NULL, 78, 0, 1);
INSERT INTO `post` VALUES (6, 6, 5, '食堂新菜品体验报告', '今天尝试了食堂的新菜品，来分享一下体验...', '2025-01-15 12:30:00', '2025-04-28 15:40:11', 99, 0, 1);
INSERT INTO `post` VALUES (8, 7, 5, '你们', '<h1>11111</h1>', '2025-04-29 23:50:15', NULL, 6, 0, 1);
INSERT INTO `post` VALUES (9, 7, 5, '你们', '<h1>11111</h1>', '2025-04-29 23:50:18', NULL, 3, 0, 1);
INSERT INTO `post` VALUES (13, 4, 5, '111', '<p>111111111111111111</p>', '2025-05-01 12:05:08', NULL, 21, 0, 1);
INSERT INTO `post` VALUES (14, 2, 5, '大噶好！', '<p>大噶好！大噶好！大噶好！大噶好！大噶好！大噶好！大噶好！大噶好！大噶好！大噶好！大噶好！大噶好！</p>', '2025-05-02 09:36:19', NULL, 0, 0, 1);
INSERT INTO `post` VALUES (15, 7, 5, '船新教室出炉！', '<p><img src=\"data:image/jpeg;base64,/9j/4AAQSkZJRgABAQEASABIAAD/2wBDAAgGBgcGBQgHBwcJCQgKDBQNDAsLDBkSEw8UHRofHh0aHBwgJC4nICIsIxwcKDcpLDAxNDQ0Hyc5PTgyPC4zNDL/2wBDAQkJCQwLDBgNDRgyIRwhMjIyMjIyMjIyMjIyMjIyMjIyMjIyMjIyMjIyMjIyMjIyMjIyMjIyMjIyMjIyMjIyMjL/wAARCAMgBY4DASIAAhEBAxEB/8QAHAAAAAcBAQAAAAAAAAAAAAAAAAECAwQFBgcI/8QAWxAAAQMCAwMIBQUMBwYFAwIHAQACAwQRBQYhEjFBBxMiMlFhcZEUQnKBsSMzUqHBFSQ0Q1NiY3OCkrLRFiUmNTZ0ohdEZIPC4QhFVJPwJ7PxN1WjOGWElNLD/8QAGgEAAwEBAQEAAAAAAAAAAAAAAAECAwQFBv/EADYRAAICAQQBAwMCBQQCAwADAAABAhEDBBIhMUETMlEUImEFQjNxgZGhI1LB8BWxJGLRNILx/9oADAMBAAIRAxEAPwDiwalBqIEpQckAeygAiLgEOcCBitlHspHOhLDwUgDsjAQBSggYYCUAgEYSAACOyNBIYLIwEEoIGEAlAIwEoBACbIw1KRhIYQCOyNBABWR2RowkAAELIwjsgYmyPZRpQCAEbKPZSwELJAJ2UeylWR2QAjZQ2U5ZHZAxvZR7KcshZIBvZR7KXZHZFgN7KGynLI7IsKGtlDZTtkLJDG9koWPandlDZQA1Y9qHS7SnbIbKAG7u7ShtO7SnNlDZQAjbf2lHzj+1L2UNlACOccj5xyVsobKAC5ztCG2OIR7CPYQAW03sRXZfclc2i5tABdDuQ2WHsQ5tFzaABsM7kRiYj2Ci2CgBPMtQ5hqVsFAMKAE+jhD0dLs5DpIAR6Oh6OnLuQu5AcDRgRcwnruRbTkBSGeZKLmT2J7aKG0UBSGDCURiPYpG0UW13JhRGMZ7EksKlEjsSbjsRYqIpYUgsUw2TbgE7CiIWJnY6SnFoKYLemmmS0OxRiwT4bZJjGidUspBWRoIkhigjSLpSADRhJSggA0EaOyACsjsjAR2AQAmyPZTb52M4qNJXAbk6E2kTSWt3pt1Q1vFVclYXbiozpnOO9UokOZZy1rRuKhS1bnblHsTvQsmkkS22Avc7ii2SU41uiOyLGkN7KW2EuO5PRxXT+xsC6TkUoiqbCzKRtEAK2hwqlhF32J71TGvkj0BsmnVc0u95S+5j+1GjdVUdMLDYHgFCmxto0iYT3qnsSddSpuD4NXY9iLaHDqd09QdSBoGjtJ4BG1eRbn4G5cSqJTo7ZHcmDz0urnE95K6/gvIlI5rZMYrww8YqYXP7x/kugYPyf5dwdrDBh0b5W/jZum7zO5K/hDr5POdDlTHMSj5yiwqrnZa+02I2PvOir5KaWlnfBPG+OVhs5j22IPeF7BbAxoADQAOC8/csVI2mz+XsA++KOKR3iNpv/SEJu+QpeDAWSg1KDUtrEmxpCQ1azA6fbpGGyzAat1lmDboWGyhuykqI2I0mzETZUeFMAx2i7p2fFbXF6a1MTbgsdh9m41TE8Jm/FJeS30dvwfTGakdsY+K1GHac6Pzlk8MeBjjtR0ovtWrw8jakHvSj7iH0TkBvQLgN6r6/G8Mwphkr66np2/pHgLWyEi1tcWO46LknJA1tPimPUw9VwAHcHuCt8xcq1Bh9FtYRA+smebMle0siB8TqfALleV58x1WKzHApJGVExLpXM0Gpvr7ylKV8ocYvyel7gKuxDMGE4UL12I08Hc54v5b1jaTJWP4g0Ox3M9c4HfBTv2R4XV5hGRMAwioNRFSc9UH8bUOMjh5p3J9IVRXZGn5Q6Z924ThOJYk7g6OHYZ+85Igqc7Y43aa2hwSnP0gZ5vsaFrxExrbNaAOwBGwAGyNsn2x2l0jhnKHlGqwWopcSqsXqMSkqnmN75wA4EC+luHcsZs2XYeWJt8Iwp2mlWR/oK5Jsrnnw6OnE7jY0Gp1rdEVk40LJs3SA1qdDUTWp0DRQ2aJBNan2jRIaE6AoZaAApMY6J8Ew0ap9p0UNmqQkhdfyL0co0o73/xFcjsuu5K0ynSjud8St9K/v/ocusX+mv5l+DdGktRrvPNCKeh6pTJT0O4px7FLodumK0XoKkfon/wlPpmrF6GoHbE/4FXJ8Ex7OGxM6DfAKQ1iTC3oN8ApDWr5tn0okMSwxONanGsUsLEMjXUMvWbgFGB+T+0rnDWLdYRWtgweBhOrW/auvRTUMjb+Di10XKCS+R7HpgIWsvqSs+yTZKlV9Q6olLju4KI1qz1OTfNsMENkKHXTOeLWS6eWSF+2w2PeEhrE80Lmt9mrqqJBrqpwtzmz7IsmnbchvJI93i4lLiifKbMY5x7gpseF1L97WsH5xWkY5cnVsxcscPhFe2MDgnA2yto8HH4yUnuaFJbh1Mz8Xte0braOgzS74MpaqC65KEb7DVPso6iXqxOA7Tor1sccfUY1vgEoFbR/To/vkYvVPwiojwiQ/OPa0d2qkvwuBlNIbOc8MJBJ4qeilN4H+yfgumGjwRTpGLz5G+zN0g++Y/aC0p3rOUv4RH7QWiPYsv0/iMjXVcyQsao0GDS6VZequjjEoC54JVkaYWJsgUpBMRDxF39V1Ztuhf8ABc3l6g8F0jEz/VVZ+pf8FzeQdALx/wBRf3RPT/T+mV8wUGUKfM1QpQvPR6hXzBQJW6qxlChSNW0WQyE9qjvapj2qO4BbJmbRBkGqYc1S3jX3ph47lqmZtEVwTRbqpDm3TZatEzNoywaj2UsBKsvTPHGHtsmwy6fkGiQwaJDQjm+9G1ljvRlyDXXKOQ4HAE60JATrQlYNcigErZQCNAwAI9lAJQQAWyjDUaNIYA1KDUAjCAD2UeygEoJAJ2UeylBGgYjZR7KWjSARso9lLR2QMbARgJdglABFgIshZOWQ2UgoRZHZKDUqyAEWR2StlHsoAQgnNlDZQMQEdksNR7KQCLIJeyhsIARZHZL2EeygBFkLJzZQ2UDG7I7JWyhslACbIWS9lDZQAmyOyVsobKAE2RWS9lFZIArI7I7I7IATZCyVZCyAEWQsl2QsgBFkNlKsjsgBvZR7KXZCyAEbKGyl2QsgBvZQ2U5ZCyAG9lJLU9ZFZADOyhsp2yKyAGS1JLU/soi1MQxsoi1PlqSWoAjlqSWp8tSS1MVEctTez01KLU0W9JMTQ4xvRS7I2jRKskUNkJNk4Qk2SASlBCyOyAAlAJJcBvKbfUsbxToXRIROkawalV0tfbcVEkq3v3JqLJc0i1fWtbuKhy199xUH5R/an4qGWU6DzVUl2Ruk+ht87nnekDacdASrmDBRoZCrCOkpKfgL96N68DWNvsz0VBPLubYIpqN8B1Wgmr6eJpAI9ypqqrbOSAhNsHGKRDQR21RgXTJFN3IwLuRtGiXG28gUlk6CHo7kqWHQqfTQXYNEqWDonRZmvgzb4XPmDGi7ibALreS+SWnr8OFdisryXPsyJmgsN5PvWAwqlE2Y6GIi4MzbhensBiEWCUrQLfJ389VTfgivJDocnYJQQc1BhtOxtrfNhZTJ+B0mE8peZYqWERxMYzYaNwDrOsO7VdMWLwcf/UzMh/RQfwhJcB2bC2iFkY3IFUIAXn3lhLn8oTg7cyihDfDpH4r0E0hcB5XwDygOt/6KG/8AqUsqPZggxLDEoNTgas2zVIQGLoWUItrD41g9nRdWyFhb58IikI0O5TY6E41T/eTjbguZNl5jEGSfQkBt713LHsId9z37A3ArhvMGbFhAN7pdn604O2xSVJGrqc4z0VRFWws2tgWLSd4VrgOf8w4tiD48LwyKRzm7pHkBveSoGLZR9Eoo3vJLbi4K3+R8JpaOndLFE1rnNAuAmlFk8ojDAM540CcUzA2gidvioY7G3tHVS8K5NcDw+ubWz8/X1Q15yrft69titgEob1dIlsTLhtFVUxpp6WGSF2hY5gIXKeTCkZR5oxumjHycMr42+AeQF2FnDxXK+TtoGasxHfaqk/jKGlaFHydRG5GibqEZbdaEAuDxRpOylBAHOOWJw+4+FN4mrJH7hXJ7LrHLACcKwns9KP8AAVywMXJl9zO3B7BvZS2tSw1KDVi2dCQAEtoQAS2hQy0GAlgINCcAUspCQE60JNk/TsD3WIWbVmqdIJrbrrmTRbK9KO4/ErlJZsususZPI/ozS+yfiVvpf4hzaz+Gi6aNEZQuABcgKFWYxh1D+E1kUZ7C4X8l3OSXZ5yi30TE/ELNWQqc9YbESKeOaoPaG7I8yq2bPWJSgtpqeCBva67z9gWP1WOL5ZqtNkl4Oi2VfieLYfR00rJ6qJryxwDA67jcdgXNqjF8Trripr5nNPqNdsN8go4YGjQLHJ+oLqKNoaDzJkaKItaB2BPtYlAJYC8w9OwmtTrWomhOtCTAUxqvqa4pmDuVKwaq+pm/e7PBaYuzHN0ht4RNanpG2CS0ImuSIvgNrVZYXTslkcZGh1hoCoTArXCRq9baeCeRWY55NQdFoxoaLNAA7kuyIJS9ldHmMNFZGEZKoQ2QiOiU5IKwkNC2aopCObfb6J+CIG2iU62w63YU4u1QeTOUtvSI/aC0RBJWdpPwqL2gtKSANVx6BXGVnTqn9yDYLBG7ciaSm5JLaL0ZSUYWzkSbYpsoOh3opJQ3xTLQN6RIBvBXPLNNQLUVZKieXNuU4So0T3EbItpxRv2mODy64G9awy/Yn2S48jWKH+q6v9S74Lncg6IW+xWdn3LqwDqYnfBYKU6LzNfJSmqPS0KaiyBMFXyqxmVfMuJHpIhSqHKFNkUV7SVqiWQnjfvUd4KmvZZR3tHYtUQyG9twVGe2xU54UZ41WqZDRDc229NlvcpL224Jl1ydSrTIaMoEpEEpeqeINybk23cnJNyaaUDQkhBos5OaIiACqvgmuR0cE80JkHcn2nRQW+xQCUAiSggAWR2QQukAaUkXRgoGLASgEkFLCQAslWRI0DDRokaQB2R2QCMIAFkdkEaQwrI7I0aAAAjsgEaBhWRoJVkgCASrIIIACCNHZABBGjAR2SGEjCOyOyACQRo7IASjQsiuEDDRogQlBIAWQslWQTAKyFkYR2SATZFZLsisgBOyEeyEqyFkAFshDZSrIWQAjZQ2EuyFkAI2ENhLsggBOyi2U4hZADWyhspyyFkAN7KGynLIrJiEWRbKcsiskA3ZCycsismAiyLZTlkLIAaLUktTtkVkAMFqSWKQWpLgEARiEyR0lIeQEza7k0JocG5GlAWCBCB0JKSUuySUCEpmaQsbdPFR6gXYU0JldJWOJICYdI9/FFILPKAWqRzttgDbp+KK6aClwNulJlQVj8TGM1Kf+6EcQsAkcyS1QZ4i0qFyav7eiVJi8p0boo4lqap4a3ac47g0XK1mSMivzFWwPqnOZSuNyG73D7F6CwjKeC4JC2Ohw+CIgW29gFx8TvQ5VwkJJvs88YNybZlxote2hdDEfxtQdgeW8re0HIVT+j3rsUlMpH4hgDQffe67IGNaNAlNUNyfkaUV4PI2Y8AqMs4/UYVUPEhjs5kgHXYdx7v+yrQ1bvlfdtcpFS0CwZTQt8dCftWIAVpuuSaV8BAJ2EfLN8UkBOwN+XYO9AzWUFNtRjTgn6ijIadFaYPSbcTNOCsMRohHDeyzbNEYnCGc3mvDyfywXpTCbfcym9gLzc57aXG6WbcGTNP1rvuA4xS1GGRbMzLsGyelusm3RNGiusTgjw7lLzRrq1sDf9ATmL5/wrDap1PAZK6oA+apW84b9htoFw9uZMyVOfa/E6IyUlRUS/KROGgbuAIPYAE1z0J8Hp+4AuqTE824HhbxHVYjA2Ym3NB20+/sjVUOG4bj+OYcPujjToY3tF2UkQjd+9cnyVhg2RcDwOQyU9G18x1MsvTeT3kqXJ+CkkQ3ZtxjEaeZ2A5eqJpG6MdWEQsd3gbz9S4nmAY07MVU/MDJG4i8hzw+27ha2mzbdZeoomtbHYAC3YuH8sVjnKjsN9CL/vuStoa5Zz8NSw1KDUsNUNmyQgizSV6CyDRCLKuHutq6IO81wBzeg7wXpLKDQMp4Xb/0zPgERVuicjpEzEYWup3gjgvOlJGP6YNbbQVf/WvSNd8w7wXnXDo9vOwH/Gn+JV02QuYo6pnCMfcW4GoAU/J79vDQb9ii5x/uN3gncln+rG94TiD6NUEoJCWBorIJDDoFyfk1dtY5jbxrtTPI/fK6q3qFcn5Kx/WeKX37R/iKUu0EfJ1WF5cbWUi1kxGbFPOOi0i+CX2HwSDoUTX3JCXbaRdi6OccrhBw7CRf/eXH/QVzABdQ5WoP6vwuXsqXN82lcysuLL7md+D2ITZGAjshZYm6FAJbQktTjQpZSFNCcARAJYGilloFk/TvbGTdMJQCizSrH3ODjcK2os0Yph9E2kppImxt3EsuR9apmp+GnmqX7EMT5HdjW3STafApKLVSH6nGsWrBafEJi36LXbI+pQ2MF9o7zvJ3q9pMo4tVWJibC08ZHa+QV7S5AFgamsce0RtA+K09HJPwZPNih5MazRS6eKWofsQRvkd9FjS4/Ut/TZPwmnsXQGUjjI4n6loKOlgpo9iGNkbexjQFcdFJv7mZT1sUvtRzyjyvi9S4fephafWmcG/VvVw7JErKZ73VzDI1pdstjNjYdt1tbDsRPF4n+yfguiOhxJc8nLLW5W+ODkDDcAp0JqJvRCeC8c9gUAnGpsJ1qTAdatLQxF9LHpvCzQW1wiH7xhcR6oXRpI7ptHNqpbYpkSrh5tgUNoVtigsxVbVWeNTozxSuNjjFa4VueqtqtcK6snuV6b+IjPP7GWYSkQRr1keeGgggqEE4JBCdTbtFjNDQghHtdE3HAoXug7Rp8Cs/yhmfpPwuL2gtBa5us/SfhcXtBaA6Ll0PtZ06r3IcLwAo7+kU82PS5KaeC0rszbnH7ujmjV8CC2w3o2NDuO5KMb3C9k0CWO1uFytbWrXBp30PgthBJTE9UXRloba/FKLS9wvuRyRB7msC0k5uLUeEJVdspMReRRT672FZWUrc4zRxswepeAdprL396wkhXnZ8UscqkejpJKUW0Q5dVDlCmSOtdQpXXWaO4ivso0hT8hUWQrVEMYkKjPT7yo7ytESMPUd4T7ymHrREsYcmHb0+/cVHdvstEZsywSlFEhSucK9SzxtrHXi4TGwb3SudKU190WG0JrEvm0gP10ToJIQAm1k+zcmSDdONJAQA8EoJsOSg5AC0zNJsBLL1GmO0gBr0h104ypdfVMhtuCAbqnwItGOu0FOAqNC7oBPhykocBRhIDgj2kgHAjCQHIw5AxwI0gOSgUgFI0m6O6Bi0aQClApAKRpN0d0hhowiRhACkEEaAAjsgggYaMIrpQSACNBBAARoI0hiHmzVAfOQ+ynydUqskAMiaAdExUiGUuNiolgGo6d3TQFloNyImyMdVNSGwSAWH6pW1ooHPEOUpjtpiAsDpQ0oNnBUWoJUdjnX3qWzRRTRctcHJVlHgOgT5KZLQEaK6O6ZIELIrpL5A0XQAuyFlCdXAG105HVB5tdPaxbkSrIWRBwsi5wJFB2R2QGoR2SAKyKyWhZMQiyFkuyFkAN2Q2UuyFkDG7IiE5ZAhAhqyGyl2QsgBGymJhZqlWTMzeigKKqTaLtE5EHcU5s6p1jEORUYeSLUSmMKM2sJNrqTWxFw0CgMgcDuVRpomVplhDLt6FPEKNAwg7lLtogQ04WUefqFSXKNUDoIQmU0vXKACOQdMo2hbHN5DAVnRRbdlXALSYJSmZosFM+jTH2ONpCWblVV1OQ61t5st3FhhMfVWfxql5iRpI4hZRfJpPo7LkegZSxQNa0DZjHwW8WLyjWQO5sB4uWCy2ZkYBcuAHahAxXBBpCp63MmHUbiwziSUbo4+k7yCzcuY8y1z6hmHYK+IW+TlnP12UykkCi2cu5XXMk5RqvYIJbBC11u3Z/8AwsSGqbioxD7uVv3V2zX86eeL9+1/8so+ytF0KhFk9StvVRD84JFlKw+MyYhTsaLl0gASsdHVMEhDYWeCm41SzPpSY4nEW7FosuZfEMEb5hd9vJaCqw6N0Bbsjcsm/KLSPMWLGZ2ICDZIe54aAe0ldfylyYUcLWVeJTTVDnC7otohhPeBvWJzbh7abOlMwN056M/6gu+4eLUcfsrVu4oz6bEUmFYfQs2KWjghb2MYAubY5QU0fKVViOJrS6likNhxuR9i6nfeuVYu6Wblhmibq00TAfdqoS54Hfyb/B5WimazuVnvVFTwSU2yVcwP22Ap0MfYeiVw3ldJOdKUdlE3+Ny7m0aFcL5V+lneMX3UbP4nLN9lw7McAlgINCca1Ztm6QhzegfBei8nG+UcL/yzPgvPRZ0D4L0Jkz/CGF/5dnwV4ncjPOqiWtb8w7wXnnDB/bu1v99P8S9DVvzDvBefsJaP9oHd6af4irl2zKPtOoZvH9Sv8E9kwD7lRkdiYzibYK9PZMcBhUYvwTQM0904w3CacUpjlViokNPRK5PyX/3nifbtH+Irq8erVzDksj/rLFyRqHW/1FTJ8oI+TpbbixKcv0e1HI3o6JEeqroXaA42IKcjcTvSSLnVOssAmuxN8GA5WHD7jYcziau/kwrltl07lXdGaPDG3HOCZxtxtsrmQXJldyZ24F9iCsgAlWR2WRugAJY3ogEoA3UMtCgnW7klrbhLAtopZaDA1Sg1HG26d2VDLTEALoGQoGOoZ3kC5kt9Sweyuh5DFsKl/WFbabnIc+r/AIZqw0DcEaCB3L0jyxB3p+HcmCnodyF2Euh5FL8xJ7B+CO6RP+DSn8x3wVPoijksY6A8E4E3H1G+CcC+bPoxYS2pASwkA6Ny6BhrQMNpx+jHwXPr6LomHi2HU/6tvwXf+nr72cOuf2og4t1AqpqtMY6g8VVMKWq/iE4PYPNVthXUk9yqG7lbYT1JPEI0/wDEROf2MswlImpS9aJ57CQR2sgrSEC6JzbhGjtdTKNgFsADRNP6rh3FP7gmpSNl3gfgoyRSQRfJnaP8Mh9sLR7GoKzdH+Gw+2FphqFxfp8U4v8AmdWr9yDRWB3pD3Wam+fs3cu6eWMeJHKot9D5ITcuy5utvFMiQucATa6XJGCw6m4WbyepF0ilHa+Rl0nRsN6cgY7nA87lEAu46qY2VrWC51XLjkpPdLwaSVKkR8de1uCVYJ1MZAXOZHLoOOSsGC1eoJMZXOJHrDWy3ZL/AAduhVQf8yPK7UqJI5OyOUZ7lypHojEjlFeU/IVFeVtFEMaeUw8px5TDytEiBt5TDinHlMPKtEsaeU04C6WSmnHVaJGbMY0iwSrhQxtd6Vd3evU2Hj+oStEpiiBzrqXCCRqk40UpWBnXUu+y1RWj5RSpB8mgmxHOsulCaNVMj3CQ2JSecf8ASKvaZeoXPOsR84ztVNzr/pFHz0n0kbQ9QuOcZ2oEsKqOfk+kj5+T6SNoeoWtmdyPZZ3KqFRJ2o/SZO0JbR+oXDNgcU4C3tVKKuQdiV6Y/sS2h6iLm7e1KBb2qlFa/s+tGK1/Z9aNrH6iLsW7Udh2qlFc7s+tK9Pd2HzS2sfqIuR4pQ8VS/dB3YfNH90XdhRsYeoi7A70apRiR70oYn4pbGP1Il0EYVMMU7ylDFO9Gxj9SJchBU4xTvSvuoO1Law9SJcBGFUDFB2pQxUdoS2se+JbBKVSMVHaEoYo3tCNrHviWiO6rRibe0I/uk3tCW1j3xLG6MFV4xFnaEoYjH3I2sNyLC6O6gDEI+0JQxCLtCVMe5E66Chivi7Ql+nRdoRTC0PPOigvjcX3snzWRniEXpMR4hFMLQ2WHZ3IQxkSXTpqIyN4SmTxg8EuR2iUNGpuUXCHpMfaEXPxnikO0QXMO2pkXURbUZO8JwPjAtdMSIs4ummN1UxxjdxCICPuUtGkZUKhdYISTEHRGCwcUCGHimiWxvnynBMSEXNs7UoMb2pkhiUkpM9yxLaxvalljXC10hlDMCHXT9EelqVMlomvKQyi2DoVrvTRjsadk5pa5uhSC3pJEcbm8U+1uuqzZshyMdFLIRNFgjKkoJHZEjQICFkaCACQsjR2QAmyFkuyKyAEWQsl2QsgBuybkbdqkWRFtwgCscwgpyJhUl0QJTkcQCTKTGHU4eNQmzSN7FY7Oibc1CEyDzAbuCQ5tlLcEw8KiSI4KPOOgpbgo1R1E0J9FNIOmjaNEcnXRtGi2ObyGAt7k6lE0TTZYQBdTyDT7VJHYXJUTfBcOzVxYc0QXIXPs4xhjiB2rsTsMmdS3a2xtuXI86080VcIpWltzp3rHG/uNZ+0Yyv93cQq4IKCZ7CB85wAXXaPKdbPCDimL1M/axjtlv1KHkTDYaekYWsAOyFvrAMstPcQuCrosFoaBtoKdjTxNtSrNkYDUmyWNGpNFHnTlUjbHyhVWyB0oYnG3bb/ALLH2Wl5RIub5RsXFybvY/U9rAs9ZKPCRXkRsq1yzGH5nwxpGhqWX81W2VxlYf2pwv8AzLEWOj03TMayNthwS59Yyipx8kPBKl1YfBLwT5OJZ4iBzvRHtli+K7NRC1Iz2VyDOw/ttQfroviuv0h+9I/BVH2oT7YsuCwdFSip5WcUnIuIqSJoPitlLJsMc7sCyWTZPTc04/WfSkZGPANUrsbNlVRDmbgaqPTO2Ts3U6o+aUHZ2XXTbpgkWDDdq4VyrC2eh/lI/i5dyjPRXDuVRzXZ5bbhSRg+blk3yjSC5MtGLhPsamo9yfaVlI6YinN6B8F33JumUML/AMuz4LgZPRPgu+ZO/wAI4X/l2fBXg9xlqfaizrvmHeC4FhOmfr/8a7+Irvld8w7wXAaB3N54Lj/60/xLSXuZjH2nSc5H+qHd6l5KG1hjAfohV2cJmnCzcp3JuIwRUUbXyAXaNSU067BKzZFpalNFlS1+bsDoD98YjTtPZtgnyGqy+IcrOFU5Ioqaoq3doGw3zP8AJJzQ1CR0lmjSuX8m9ZDFjOI0+20ySEuHabOP81V4nyoYpX0r4KSnio45Glrngl7wD2HcFjqUPZKHU7pGycDGSD9WqzlkNIYn5PRlZidJRwbdVUwwN7ZHhvxWVrOUnL9E7Zinkq3dlPGSPM2C5vSZTxvFHbbKCV3HbmOyPNyvaDk1xOebZq5IKdo4g7ZPgpeWT6KWLHHtk2r5WJnBwocLtfc6eT7B/NUVVnrMtdceminYfVgYG/Wblbuk5MMHiYPSJaid3btBo8gr/D8qYJhzRzOHQF305G7bvMqliyS7E8uGPSs4XPLUVEgkqJpJpCdXPcXHzKSAuncp1DSxYVRVEUEccoqOb2mNAu0tOmnguaWWUouLpm2OamrQlGEdkLKDVCm70u4SGocVDNEONdYJYNymgnY1JRIiCfsmGaKQ3VSxoTZdByJ/dcn6wrn5Gq6BkX+65P1hW2l/iGGr/hmr4oIHegvSPLGzvT8O5MlOx7kl2N9DwIJsk1AvSzD9G74JbQLXSKo2o5yNbRuP1FU+nZn5OSRnoN8E4ExEfk2+CdBXz1H0Q6ClgpoFLBSoB2/RK6PQ/wB30/6tvwXNr9E+C6TQ/wB30/6pvwXf+n+6Rwa7qJXYz1B4qqYrTGT0W+KqWHRZ6r+IGD2EhuqtcKPRk8QqlhVphR+dHgjT+9Cz+xluzclpphvdOhetB8HmsJBKRWWggIIWTW2RJZTKVdjqxwtJCjvuA6/0T8FLB0Tc4HMPP5p+CnJjuNhGXNGYoz9+we2Fo3yFqzVEb11P7YWilcA4Bebo5NYpNfJ2alfehL5C4dyQCE6SNlM7JJV5bT7sxj0BxB3JQEhj1cbdiU2ncRvCUegLFPHBq3LgG10hELGbN7A9qQY2vqdgGwOqQ8bGrSbppgkuXtB0O9JzVKO3opLt2N5jpmMwCqe1xBa0ce8Lmz3aroWYqpz8u1QJGoHxC504hYalwc7guKO3RpqDv5I0jlGe5PSneokjljFHcxuRyivKdkco7narVIzYh5TDinHFMuKtEsaeUw8p1x1KYee5aIhsaJvomy3W904esm3KyGZRtKEfooUkJQXp2eORfRAnGxbIT9kRGiTGiG35z3qTJ80ow+d96lP+aTEyll+cKQnJfnCkWWpzgQsjR8EAEggggAI0EaQAR7KCdbuQA1snsQUghMuGqAEo0EEABBBBIAIWRgXR7KAE2R2Sw1AtsgBCNCyFkABElWQsgAkaFkaACR3KCCADue0obR7SghZAA2ndpQ23fSKFkLIAPnH/AEijEj/pFJsjQArnX/SRieQesk2QsgLF+ky/SShVSjimbI7JUh2x70yXtShWyjio9kLIpBbJQrpQlfdCVRLIJUh7mS/uhIlDEJO9QkdkbUG5k0Yi/vShiLu9QLI7I2oe9lgMSd3o/um4dqrkEtqDfIsxipHanG4t3qosjsjYg9SRcfdYdqP7qjtVNZHZLYh+rIuhig+kljFB9JUVkdkbEHqyNAMUH0kr7qD6SzuqUxpcUvTQ/VkaD7pj6SMYkO1UfNmyNrHAo2Ir1JF590x2pYxJvaqF4ICRcjiUbEL1WjRjEW9qUMRb2rNgu7SlbTu0o9NB6zNIMQaeKV6c08Vmg544lLbI/tS9NDWZmi9Nb2oemBUYL+1ONc7tUuBayMuxVtKP0oKlDnA70rnXdqWwr1C29IBTsUt3KlZPrvUyll2pAEnEFksuRqEhwTjR0U62iqJW7TIJHDtDVJZXvCjvCmTRujeWvaWuG8EKLIEARHKNUdVS3jVRagdEqkJ9FQ8dMo2hB46RSmtWpzg3BehuTXAWQZfpKt4u+aMP8AV58czoE9y9T5Lj5vK+GN7KWP8AhCyyc0jTHxbL7mmhlrLlnKXh7H+jyBvSEg1XWHblzrlDbeKD9YFElTTLXKZb5SZs0jfAfBav1Vl8raUrfALUeqtYkBBH6vuRBHwSYzzlymNtykYl3siP+gLM2Wj5RLnlIxa5v83b9wLP2ULpGg3ZW+WBbM+Fn/iWfFVllaZc6OY8MP8AxLPikxnpyAfJN8EcmrCih+bb4I5OoVXgz8nG87D+2+H/AK2L4rrVJ+DM9lcmzp/jnDv1sfxXWKX8Gb7KcfagfbGZm7cLh2hZbIcPMYljkZ4VX2LWgXYs7lhuxmLHWD8u0/6Qpj2Nmsn+bURw3KXUfNqI5wA1KnJ2OA8w6LhXKdf+ncn+Xj+1dqqMSo6KB0tTUxRMaLkvcAuC5yxinx7Nc1ZSkmAMbG11utbj9ayjzI2SorGHRPNcmWhOBDRomO30K7/k4/2Rwv8Ay7PgvPwOi7PlLHIYcr0MbnAOZEGlPFxInMriX2YcThw3DZJpXWDRu7V58lqXnEpalhLXmQvBHA3ut1nTGn4k/m2uPNN4dq58dZrKm7dkQjSJtZi9dXMtUVUj29hOigbEs5DIw954Nbc/UpT6ZwaCRoV1vk/wunpsFZII287Jq51tSiKsqTUUcww/JWPV9jFhkrGn1pQIx9eq1eH8k1bIA6sr4YvzY2l58zZdW2QBuS2K9i8mfqPwYOXkswtuGzBtTUmoDCWSFwABA7AFScllEw4lXSyAPdGBGCRu11XV6l2zRzuHCNx+ormvJUNqTEndsimkpKgUm4uzpT7CyNnWuikG5JGiznKpkpcEsHRLBuo4k0slMct1lRm4mO5T2g4DSdvpbf4SuYc0uocpJLsEpBb/AHpvwK5zsLjzS+90d+mX+mRDHZNkWU50Vwm+Y1WVnTRGG5ABSxTiyWyFnYlYyGGlOsaRwU1rGDgEb2t2LhIdkdqfYbJgb060qWUOcVvsi/3dL+sKwAXQMjD+rJD+kK20v8Q59V/DNUd6CCPgvRPNGyn4RcFMHen4NxQuwfQ8Nybqx95T/qnfApZdYpqsdbD6k/on/ApyfDIXaORRHoDwToKjxHoDwToK8E+hHQU4CmAU4CkIeJ6J8F0uh/u+n/VN+C5gT0T4Lp1Cf6up/wBU34Bd2g90jh13USsxo9FviqhhVrjhs1viqVrllqv4jK0/sJjCrXCd8vuVPG66uMI/G+5Tp/eic/sZaxG105t9iabuRnTcvTi2onntcj4OiO6ZDzZKL7BaqaIoNzg1Nts96Sbk3KJhs8LFzbfJSXBJcbNKjSEinkJN+ifglzPOzYKNM4mmlP5h+CM2RXSHCJRYeb4hT+2FpntBNzvWUwt18Tpx+d9i08jukRdcOjaWJ38/8HVql/qL+Ql41NtyJrrFKuA0hNtbcq5cNUYLomRuDmopW7TbJuKTZOyUqaVrGd5XcskZYuTLa93Al9O1zNN6EADYraab02au7dG6lQ5nPsbEi6wlnxwe6CNYwlJUyszQY/uRV7J3AEeYXPHPW+zHTFuXauUnUMB+sLm7n6rz5W5NtHpaatlIOR17qHI5OufvUWRyEjqY29yYc5Ke5MvNlqkZthOcmXFKc5NOddaJENiCd6ZcU446FMkq0S2JJTT96cOoTcu8KkQ2Z9qWElqUF6J5ApJclJLkDIX433qU/wCa9yin533qS/5pMRVPF5SlbATchIkNkBIVoc4sxhJ5tDnCgHoAPmkZi0Q5xDnNEADmj2oubKW2QEaobYugBGwUprSEraCPaCABY23pJYUZejDxZIY0Qbo9gpRN3J1trJiGRGUCwhSBayQ8i2iQ6EManNlN3shtFAD2yEhzQkh5Q2ygBYiQ5pASiyHOIEEY7BAR3CPbulNcAEAI5rVDmynNsBFthACObKLYKc2wgHC6QxvZKJPG1k0mAVkLI0dkCCAuliMohonQ4IGI5soxEU7thDbCQUN81oi5shO7YRFyAENjuUoxiyMFGXIASIUDCnA8IjIEAI5pAxpQfqic/uQABGEl7QEfOFJLiUAJshZKshZABWQslWQsgAkEdkLIAFkLI7I7JAFZPQgJsBKadkoY0TA0EItkJDZhZGH7ShJmjaoRKEyApDxomgFaM2EAlgIwEoNQITsowLJdkeygAbWiNr7HVDZR7KVFJsXzgsm3O2kezZCySQOTYqEaq1wmlkq69kMTbucq6Bq23J3TNmzGS4X2Y7jzUzdRbKx8ySNvl7JEbQ2arHOO3gEaBbEYLBHFsiNoHgrOkiDYxonngbJWCVq2dN1wcmzVgLHYgxzG2uDeyyeI4M6miLwuq49GHVjDbtWTzDG1tE/TgkmUc0eNVGqB0Spjx0imJm3CtCfRTujJcU4yO3BShEEC0AqtxGyuRtzPkneC9R5SFsuYeOynj/hC8wO+ad4Feocq/wCHqH9Qz+EKX2gXTLsrnvKFpDB+sC6EVz/lBF4Yf1gUz7Q49MtMqG9GzwWqHVWWyoLUMfgtUOqtYkCQjCTxKU3W6Bnm7lAaf9pGMa36Uf8AAFR2Wk5RowzlGxMj1mxu/wBIWessU/tRtQ2QrHAdMwYcf+Jj/iUEhTsD/v7D9bffMf8AEErGenIfmm+COTVhRQkCJvgq/FsWhoaZ73vAACu+DKrZyvOjw3PWHknQPYT7iup0NXTyUrS2VttntXnjNuOS4tjT6lhIANmWU3B8JzdjEQFJJUNiPrF+yEK0hurOyYlmnDcLhcZalm0OG0ua4RynU+HZlxSonie+nqHBzSwXOgsgOSXGKiPnKrEWbZF9nVx8yiyLkeD+kVbHiMYmNK4NAcNL9tko7X0wlaZa4hyv1da3msGwOeU8HvBP1AKikn5SMxus2OamidwaBGB7zqu5QYdSU0IbDBGwAbmtARBrWnQAKZpx7GpLwcZbyRZirYeercWjdKRfZe5z/rKyWKYJVZfxmTDqwtdLG0O2mHQg7ivTIOi4RylgjP01+NPH9qzhNuVFrkzbUsBIanAmzZCgNFrcKc/7nwtB02VlBuXS8kYEa6hhqZR8kBoO1KJM3wV9VgE0uHPqXA7rgLBwxbeIMj7XgfWvRFbRs9CdGGi2zZcEo2D+ksTOHpNv9SqmmTGVo0uM4OKXDmSWW6yWLYNEPzQqvOEbWYILaaq3yf8A3VH7IVwVMibtGjKDUCg3etDIFU29DUD9E74Fc25Jx0cQP6Uro9Y61BUHsid8Cub8k/zNcf0v8lD96Kj7WdLekJUnBNrny+5lR6DG9SGblH4J5jtEoOmEujKcoZBwalH/ABTfgVz4gLd8oriMKo/8yP4Sufl9ljk5kzt03GMU4gJG0Lppz7lE0qaNyQdyDU0XG2hSBIe1IZJNgN6WTeJRQVJHzKAZGB1TzdyZTzeqpKFhdDyMP6pefzyudhdFyMP6nd7ZW+l/iHNq/wCGadA7kaJ25egecIKVG5wNgko2GzrqJMofvpqmsQNsLqj+hf8AApRddR8Sk/qis7oH/ArN5FTX4ElyjlEXUHgnLpmI9AeCcuvKPcHAUsFMgpYck0A6T0T4LqFB/d1N+qb8AuVud0T4LqlD/d1N+qb8Au3Q+5nDruolRjxsGeKo2u1VzmA2DPFUTXLHVfxGXp/YidC7VXeDm/O+Kz0TtVfYGbtlPelpveidQvsZbi40Qvc6pDXdKyctbVehHno89iiQERvZDRyPcNVfYhsuQaeKS5w2kC6wWG7kuhxzgWqPUn7zmI/Ju+Ccb0j3Juss2imA/Ju+CUnacgiqaRm8GO1i1MPzvsK1MovIVksCdfGqbxPwK1Ur9moIXPpv4D/n/wAHTqv4q/kKLdN6QXhqD5NEw+51VZJpe0wir7HXP4hMukc92qW21tURbqsXJtFqkJ2gE2521IB3p4xjZUVx2JQs5tpclxp9EfNR2cq1x/R/aFyVz9V0/N9RbK9YPpNA+sLlRctU93J06ZVFhufqVHc8X3pbnJknRUkdLYhx1TTiEbnXTbtQtEjNsQ5yaJ1slOskXVpENjbk0TYJwnRNE3VIliXO7k1KdQnHEJmUi4VIhlK1LCSEoL0DyhSSUaIoGQXfO+9SnfNKM7533qU75r3JiKl4vKUoxghJlNpSgJVoYMNsQJN0ZhFknnbFHz2iBAEVwgYrBG14sjc8WQMRzRQMZGqW197JTj0UCENjSxEElsm5LDxZAwnRABNbKkX2wk7FtUgEiI23oywhLDwjJBG9ADQBQLCU4wJzQIAjFtkpsd0bzrojY629AB82LojGlbYQa65QAjmihzZunwjFiUBRH2D2I7FSdkWRWCAojEIrKQWBBsY1SAj2QUnmgkmIFyAGdUE9zKbIsUAJRhCyNu9MQrYPYhsFOtKcFikMjbJQ2SpQaElwFkAMt0S9Cg0C9inNgIASLIGyMtF0NkJANmyIhO7ARFgugBsBGQnNkIiEANEIWSyEmyACR2R2QsgArI7I7I7IATZHZKshZACbI7JVkdkAJsjslWQsgBNk7CNSkWT8DdSgaFPb0Uzs6qU8dFMgapAwgEsBGAlhqBCdlKDUrZSgEAIDUrZSwErZQA1spOyn9lJLUALp2XW75N22zFJ+q+1Y2jjLjYC63uQKKaDG3zSRlrDHYE9t1nk9rLxv7kdpp/mwlv6qRAfkwhK8NaVmujp8mSzE8R1MZ8VjMwVDXUbxfgrrO2JsgkjsdbnRc7xDEJKoWOjVKQ7Kh28piZ1gnnHVRag9FUgb4GedCQXglRS47RS2m6vaQ53wPud8k7wK9SZV/wAPUP6hn8IXlgn5N3gV6nyt/h2gt+QZ/CFEu0NdMujuWAz+bRw/rAt+42bcrk/KXjLIDFG0guDgbKZ8tIa9rNdlYg0UfgtTforguA8o1TRu5hmHT1JO5sWpWtbmPPmLx7OG5fipGndLVy/YFTe1kqmjoskzWXJcB4qpxPNOGYPTulq6qNgA3bWpWHkyRnbGDtYrmZsDTvjpGWHmpEHI9hApiKypq6qo/KvlPwWUpM0il5OYZjxpmYc01uJRtIjkIDL9gFgoQU3MGBty7mWrw5ri5jNlzCd9iLqEq4pUWrAU9QuMdfTvadWyNI9xTSdpB99Re0EkDO5Q5mJo23PS2VjMw19VihdE0nZPAJ+lZJM1kbAS46ABavDcrNbEJJxdxTfBC5OH1eHyQV8DJGmzpGj616Gy5Tsgw6JrWgdELmmecOjpcTw8MaATUNH1rqeDi1FH7IVRdxFJUyW7RY/LIvmzHT+lb8FsH71j8ra5ox79ePgssXuHLo3R6iinrKSeoo3ErTP4JgON3LhPKWdrPsvdTxj4rurdy4Lyif49qf1UfwK5oe81iULQnAia3RLAVs2QoLu+R4hHlKgsN8YJXCgND4LveTP8J4d+paqxdmef2lrWD5B3gvPlGP7XxN/4z/rXoSs+Yd4Lz9h4vnWH/O/9RVy9xnj9p0jObCcEHcVZZPN8Kj9kKLnJv9Rnx+xScnf3VH7IVR7E+jSIwiRhWQNV5th1V+qf8Cuc8kx+9639Z/JdDxI2wurP6F/wK53yS/glYf0n2LN+8te06U8pIRyapA0K5cr+5lR6FnclsNgmydEbTos91MbXBj+UZ39W0Xb6SP4SufPK2/KPJakoW23z3/0lYRzlCe7k7MXEQI7pF9EGm5VGlj2pGiDYnE7k/EBsjROgkG1kqCxpsDrapxzCyEhOdKyKYHmiigsg31TzeoowOqlBwEfepaLsAcukZG/uUn88rmgK6VkY/wBSftlbab3nPqvYahJcjROXeeeIKNguUkpce9ZyKHDuUPFTbBq0/oH/AAKmAXNlFxZmzgtd+of8FhKLpscXyjksZ6AS7ppps0JV1wUeyOApYcmgUYKVAOk9E+C6xRaYdTfqmfALkhPRPgutUBvhtMf0TPgF2aL3SOLXdRKPMhsGeKz7XK8zM62x4rOtcsdV/EZpp/4aLCE6haHAdY5j+cszA65C02X9YZj+cjTr70Rqfayy2iJdyfLtE3YbSc4Lshas4GJabHVOEgpg6FKDtNEKVcA0E9vYmylOedyacTZc+Rq+C4oWJNlM1cwdRT+w74JErtLJmpIFFN+rd8Fi8jpo0UFaZQ5fdfHKYe1/CVsJWjnHuO9YvLbr49T+Dv4StdMS6qe2+ivA6wf1/wCC9Tzl/oNuNylAAgJRjaGoQN1JUqDbpmdqggbOSiRZOPY13iowJa+x1TnCUOxLkORxa3cjhgaW7b95TjgC3VRJat3zbB3XUOKg7kUrapFTnR0X9GaxotfZBHmFyUu1XV82UR/ovXSvdctj2vrC5I82KqCflUdeCtvATnJsu0ROKbLtFokbNhE6702Tfgg52pTLn2VpGbYCd+qbuBxRF53psnTVWkTYpxCZuEb3Jra0VJEtgLrdibkOqDjqkOOgVUSVYSwEgJYXceWGiKNAhAyA/wCd96lH5pRZPnT4qV+L9yYipmbeUhFzRsly6TpZcLFaGDI5Yboi0gqQ0XF0osBIQBFsULFSS0IwwIAjC6PpFSXMACJoBG5ADAB7EYBUkNGiPmwgKGWPsLJRfcJYjF0sRiyQEUogSpZjBHuTfNi6BUIaSEC8lPtYCEOaCBkdBSubai5tt0ARkY0Tz4wE1xQA426AJBTjNyU5ouEAN7RRXKdDNUvmwkBGDilh9uCc5sbSPYCAGucKAfrcp3mwkOYLIAHOBNO1KcDERbqgBu10LWUhrBZIc0XQFCQUYcUGjVOBgQAjbciJcngwJQjCAI4uDdL23J3mxdHsBIYwXOKG05PBoRPAtogQ1tlHtEncnGsBCXsC6AGblC6eLRZN2F0AIQDdU4QklAA2UVkoXKVsoAbsjsnBGjESAGwEdk7zSMRaIAashZO82UWwUAIshZOiMoxHdIY1ZPwDekuZZO041QC7FvHRTIGqlvb0Co4GqAkABOAJICcaECBZKARgJQCACASg3RGGpwNQA3soti6fDLp5sQQI1OVMEY+Ns8rbk7rre0kLKVzXNaBZZvL9VFFSMBI0Cn1uNwwtsHC6wlbZcWlybVmMRRw3c4D3rP4znOCnY5sZ2n8AFkpK+prAQy4aVXVNBLsl7r3SUPk2WS+iFiWIT4lVOmndqdw7FWTGwUt4sSFCqDonRSITnapio1Ylu6xTc3UQV4K09ZOMCSR0k6wLQxDPUd4Fel8oYhG/LVB0hcQMB8l5s2eiV1TLWJSw4TDGHGwYAPJZz56NIcdnSsZx6KkpHkOu62i4PmiqqcSxF0rw7ZJ0XSoMNq8Xfzkm0Iu/iqvMWAxU0IOzqCs1JKXJUk3Hgu+T7AqSkw+OXmWmRwuXEarobGgNsAsvlJmzhzB2BakblolyT4CKQ5wF0sqPJxUZHSLirOB8oMgnz9iDm6hrY2+8NCztlp830u1nHEnAb3NP+kKifTlp3LKM00jocGiJZP0bS6shaBcl4ASHMsp2Axh+YMPYdxqGX81aZDR23LOBimhZNM28pHktO5oa21kmmYGxNt2JyQaFUlwYt80cp5Qm3xbDf8w1dDwofekfshYDP4vi+GD/AIhq6Bhn4Mz2QnH2jl2SXrH5U1zPj/68fBa6XeVkMpH+0+P/AK8fBZY/cVLo3Tuoot9VJf1Cog3p6h9E40OggArgvKA7bz7VnsjjH1Lu5Oi4Hng7We60/msH1LnxO5/0NUuCvY3RLDdUTNyWFozZCgOifBd3yaLZTw79S1cJ9U+C7vk//CmHfqW/BXh9xln9paVnzDvBcAwwf22h7PTD/EV3+s+Yd4LgOGf41iP/ABh/iKuXuMoe06bnL+5Tbt+xScnf3VH7IUbN5vg/vUrJ/wDdMfsqo9ifRokoJKMKySJjDtnBqw/oX/Bc+5JfwOs/WD4LeY862B1v6l3wWB5JT96Vntj4LL95f7TpjikXRvKSNy5Mz+9lx6Fhu0ETRsmxQBsjPSKzaVDMDylvAgw4D8sT9SwzjotrymxlrMPdfQykW9yw7+qiHtOqHQNrRHH1gmgU5GekFZdlmCGsBRteCmnHoBBm5IESg8WtxQkd8kbqO2907KfkikOiASNpSWRlzVDvd6mNBDL34KS2JI2dF0nIv9yftlc1JXSsi/3J+2fitdP7zDVfwzUcUTkDvRFd554gpyIb02U5FuKhleB1ujlFxi/3GruzmH/AqQCS/couNyBmB11//Tv+BWUmtrEl9yOQg6BGHJpp6I8Eq6889kdujBTd0AUqGPX6J8F12g/uym/Us/hC48XdE+C67hzy7CqU2t8i3T3Bdej9zOLW9RM9mh3SjHes7HdzrK8zOTzjSVnmSbOoWOo/iM1wfw0WMN2vsVpsuOvTze2snTyF8mpWqy18xP7aMS+5Eaj2sutmxulF1ggSNySdCun29HD32JdtFAOsn9C1RpBsu0Uzi48ji74DedLpgvLjYb0t5cRayNkJYNreVjJOcuC1SRHkie0bRUWsBbQzk/k3fBWEzwWhvElRsSaBhlSeyJ3wWc8a5o0jJ8WZXKr9rMMA/Nf/AAlbSYWqnuWGyeb5kh/Vv/hW9cA+okvuBWmKN4KXz/wPO/8AV/oMuc479ykRtDWaJiYW3J+Ejm9+5XhjU6ZjLoRUSc3E5/YFnGYvJPXBkbLg6KyxeqLiyjh1llNgBwCnYdhsdHTtbsgutqbbyqlB5Z7V0hpqEbYTaaaRg5x9h2BJNCQbtO5WVhZJc4ALd6XG1yZrLLwZvN+23KOI3abcydfeFxh7tV27OTr5OxQj8gfsXDHHUrDJDbKjt0ruLEvKaJ0RuckdLsKSR0NiHHUplx1TpY8nqpBhkPYFSIYzwTZJKk+jO4uSTTtG9xVIgikXCSQFK5qMbymn803sVCIzt6bduCfL2doTMz22FiqJZWBKCIBKC7TzAwjtogEaBldJ86VKHzfuUWX51Sm/NhMkqan50pDSbFPTj5dKDRbRaIxfYw2Qt0RmUlOGMXuibGDdADfOFGJSE4YRZJEV0AEZSUQkITjYLpXo6AGxKU5z+iSYbFLEGiQDfOm90sTmyDoCEQhKAFCbREZUYh1S+YugBLJeBSjL2IuZR8wSgBPPFDnSlejuQ5hyAEmQlJSzCQLpFkAOxuO4Jwl3Ykw2TxsQkA1tFHzhCd2RZMvtdAA5w3uj5w33INAsl7IQAjnCeCBcSnWsFkZaAgBoX2dyQTrqpAAsmJN6AFiRtkhzrlIRoCwA6p0PSGBPNaEAILzfRGHu7E4GhHshIBvbPYiL3J4NCMtFkDI13IdIqRshANCBDI2glAuTtgAjaAgBglyHSUmwRWFkAMWcURaexSWgXRPtZADMY1TtkmMap7SyQ0IDke0lWBCBAQAnaRh2mqVsjgjsLoALaCMEXR7AQDAgBQIREgI9kInNFigBtxBT1MFHIUqlCBLskPHQUW2qmuHQUbZ1QhyCDUsBGG9im0uGz1LgGtIHagmyIG3UunoJ5z0GG3atVheVNoh0jbnvWuo8AjjaLMHkoc0g5fRz2DLszhd4KOfBnQtvsrqTcKY1vVVVieHtEbtAkp8j2s5g6IseQUe5TMQZzdU4KCTdaogsaWslYzYYSrClpJqiZrpLm/ansvYUJWiR4vdaf0RkFnADRQ5JDSsk4fhsbIBcDco2KxMjhduUj7pxwxkXWbxbFzPdrFmboz9R8663aoMw0UyQ3JJUSXchmqK9zdUzNoxS3DVRajqpDK/1k8wJn1lIj3K2ZodA0K6xkbCH19PC94PMtAv3rlFvk3HuK9I5OpI4Mv0AY214GHzaFnJ+DSK8l7DSRwwhjWgABYvOzAynbbi4LekdFYXPP4O32gs5Kmik+GWeVfwFq0w3LMZV/AgtMNy1RHgSSmHnQp4pl4uCscnRrA49maMOzXXHtLfgFUS0wPBXOZOjmutb3j4BQiAQuG2qPTik0UNRS2vYJ3AGWzLho/4hnxU+ojBamcGZs5lw4/8AEM+K6McrObLCj0LAPkx4Jb+qkwfNjwSn9UrsXRwPs5Xn3++cM/zDV0DDPwZvgsDnz++sN/XtW+wz8Gb4KY+0p9j8m8rHZQP9qcf/AFw+C2Mu4rGZQP8AanHf1w+Cyx+4uXRvX9QqI3epT+oVFG9Go8Cxhv6q4FnI3zxXH2Pgu+v6pXAM4G+dq7xb8Fz4f4n9DVdEVm5OBNNOicBWjNkKPVPgu8ZQ0yrh/wCpb8FwYnonwXeso/4Xw/8AUt+C0w+4xz+0s6z5l3guA4Z/jOL/ADZ/iK79WfMu8FwPDG/2zi/zZ/iKuXuZlD2nSc2/3R71Lyh/dMfsqLmz+6PepOUCfuTF4Ko9ifRpEYSbobSbYkitzE62A1v6l3wWF5JPwOs9sfBbbMR2sDrB+id8FjOSUfeNZ7Y+CyTuRo1UToz96TbRHIbJsOJNly5veyo9C9qyW0iyZcClNOiyspowvKefvbDv1zvgsIQSwLb8px+Qw4fpXfBYxg0CuHtNodDIYbpezsuCN7w1ySZQ5wVmhMPUCXH1UyXXYEuN9mqRoeaDdFO+0VuKbMxA0CYklLt6BobB6Sm84BFv4KDfVObXRspLYvauunZF/uMe0fiuXArqORhbAmeJ+K10/vOfU+w0/rIFJ9ZGdy7TgEFORcU2UuPcVEih64BCh49b+j+IH/h3/AqWxm0blRceAGXsR7qZ/wDCVnL2sS9yONMPQHglgpmM9Bvgl3XAeyO3Qum7oXQA4T0D4LsOH/3XS/qWfALjRPRPguy4ab4TSH9Cz4BdWk7Zx63pGXzXoWrMMNytNm822FlopW7Lgd53LHOv9RmmB/6aJ9M8Nctbld14Jvb+xYuE3cFs8qfg03tlPCrkiNQ/tZeu6yVq4IngFyVGbrZL7qOLwFfYGqQ084+/BLqHAMtxKKKMNYO1DT37V0gXVhPAsiErWizillvamTGHutbRKW6LtDVPsZqXtcQ5vDVRMTnb9yKqx15p3wVoYmhuzZVmM0zG4LWuGloXH6lzzjPlo1hKNpGSyS7bzLH3RP8Agugbp5T+cudZBO1mfwgk+xdEeCZZLdpW2LjCv5/8Dz85P6ADBI/XWybrnejUr5W6bIukskfG8nsVJi2JurZmUMQsXHpIU4qDvshQk5fgscDgMofXzi8svVvwaru4CgQHmoGRtGjRZOF7yNFvjyxhGkROLk7JLpOxRKgSPaTchLY8Nvtb0C/nDYbk55YtdiiqZk82x1IytiDnOcYxCd5XHtq8lidF3DO7tnJmKfqPtC4Q49IrmSO3DK4ktxjYNSAmnVUTe0qI9xO9MOKtI1bJjq5vBpTDq53BoUZxTZKtJENjz6yU7rBR3zyO3uKIlNkqkiWwF7jvJREoroiVRICU1KSbBOFwHFNPcCU0JjASkQSl1nnACPgiR8EhldN88pbPmwok/wA6pUfzYVElZVaTJLZbhLqh8sijiuFojF9hmQIhIASg6LUIuZQAoyiyS2SyPme9FzOqAHGyjtS+eb2pnmUfMlIBTpAU42QW3poQGyIxlqAJJeLJBeAmmsJ4pQiQA4x44pe2LJjmylCIoAcDwSnNsdqjmMgpXNlAD3ODtRc4L700Y+9IcLICx9zxZRjvRoIEORtJ4pzYI4pEbgAnecCQwbLu1FzRPFK5wIc6O1ADTgW8UW0e1G920kIEPMLiN6WGlw1KbY+wSxIBwQMBZ3pl4sU6Ze5NE3KAEo0LIBAgxcbkoPPakoIAeY4nilnco4JG5K2id6Qx0Eo9pyJhCXcIAR0ijAcEsWtogXWCAE7LihsOulh47UC8XQAnYPajDD2oc6EBKOxACub0SHNslCYcUhz7oAVENU48WbokQb07IOggaGA49qUCe1IS2lAhV3IwXICxKXYJAJ2yhtuRHeggBQe5HclEEsAk6BAWI2VIpwbpcNJLK4ANOq22XMqCXZfK2570pSSEu6RnYMNqahl2ROI7bJ6PL9SXdNpC7JRZfhigADBu7E1PhEbXnohZeqayxujmdLl/ZeLtWvwrBWMaDsK3bh7Gv6oVnTQBoFghysyjHnkKloWsaNFPbCANyWxtglqTdKiPIwAKixVo5pyv5NyocW0ichdkz6OWYsPv56hMZdwv2qfiv4c9QdqxC6V0YHQMD2I6Vvgn8SrGxxkA6rKUWMczEBdNzYoaqbZBustvJafgkzTOkcdTZQ5ApIF2XTEg3oNkQ5FElUuRRJFJaIr96iVPVUt6iVPVKEUV3rKRGo46ykRKmZIkH5p3gV6Yypf+j2H/AOXj/hC80EfJO8CvTGVR/Z/D/wDLs/hCzl2jWJfHqrCZ4/B2+0Fu+CwmefmG+0FM+0C6ZZ5V/AgtKNyzWVfwMLSjcrQhBTbtxThUWeTYaSVhldI1grOQ5seG5wrRf6PwUASJnNFWJM511joC0fUo7ZtN65nDhHdGfglyOBCThLf7Q4ef+IZ8VHdNopGDO2swYf8Ar2/FVBNMnI00d/g+bb4JcnVKRD82PBLk6pXd+087ycuzyL43hv69q3uG6UzfBYTO39+4YP07Vu8OP3s3wUx9pT9w9MbNd4LFZOffNONfrR8Fq6+oEcT+2yyGRY3OxzFqg9V81h7gssfZUujoT+oVFClvHQKiJajwGMEnzZ8F5+zYb5zr/ab8F6Bk+bPgvP2a/wDGdf7Q+Cxw+9/yNfBGbuSwUhu5LC0ZohZ6h8F3vKYtljDx+hb8FwMnoO8Cu/ZW0y3QfqW/BXi9xlm9pYVnzDvBcGwnXOUR/wCKd8Su81v4O7wXBcD/AMXx34VDviVcvcZw6OjZs/un3qZlHTCYvBQ82EfcoeKk5SkDsKjtwFk12D6NMElw0TYeUtx0RJ8AlyQ8aia7BKwW/Eu+Cw3JJ+AVnthbfG6hsWB1bnA25p27wWH5JD951g/PCiPuKd0dIcAU1s2cnXGxTbtToubN7mVDoAF0ZaiboUvesRnO+U4Hm8O7Ocd8FjmfNhbXlS2hT4b0dOddr7liGO6A0WkF9ptB2hiS5cjjYS4J6wJ3JbNHblZoPsbYC6cIBaLJB1bwS222bEpDCMYLVDmGwbKaZGgakKJM5kjwAbpNDTGA5ONuRoE9UU7WMa4aXTkRayIdpSorcR7Fu8LqeRtcAj8T8VzeYB0V7Lo+RtMAj8T8VrgX3HPqHcDS8UZ3IuKDjous4xBTsQvdMkp6A6FQxseaeCgZkB/o1iNnWtTvP1KaASbhQMxutlnEr/8Apn/BRJ/axRX3I4zGegPBOApmPqDwSwVws9dDl0Em6F0hindQ+C7PhothFJ+pZ8AuLuPQd4FdqoP7qpf1LP4QurSds49Z1EyOdDstjPesbG7pLXZ4dZsXisZG7pLLMvvZpg9iLOmdeUBbjKzvvWX9YVgaV3yzVvMpm9LJ+sKrAvuI1HtL4dc3Sx0dQkyddE92yzequm78HJVgA5xxcTu3JTZbHZKbhOhsk3s83Ub6Sa8lVfA7JJrYJbRstTG9+5PAOI1TjO22JqkJedQoGNu/qGuP6Fym7N324KvzE0jL1dY2AiKlttNlRrckYzk81zO/up3/ABC6U2xLj3lc15Odczy/5Z/xaujQvB2tfWPxWuD+Gv5v/gNR72Rq2ZlLFLI/c1t/FVWBUPObdbMLySG47ghmOYySRUrTbadd3gp1G8xQxx20AsuaTW+n0aJNQ48k8gNFrJe5qNoFrnemJn24ro9iswXLoJ/SdolM6FwUULgW3RyuDbHvWVKtxT+DM58kkGUsRAB2THY+YXEHHUrt+eqmE5QxGMysD3RWa24uTtBcNcdU4eTqxe0S4ptyU4ppxWyLYhxTZKU4polWiGESiGpQKJp1TENSOs4gJsvPahIemfFIJVpENgLkglGUkqiRYSlHbUAhKE4uug4R+yFkTTcXSgkMrKj55S4h8mFFqfnlLh+bCoXkq6zSZEyYAJdcPlVEsrXRg+yS6YXRCYJjZQATESRMEBKLqOAjQBKEre1ASt7VFRpBZL5xvaElz2kb1GSkDHmvDU4JWqNdC6AJIlbdLEjVEaCdyPZI3oAkOkHBEZUlsVxdG6OwugA+cukOu47kuMBPABADDYyeCVzTk+CAj2wgBgRFDYTznt2U1ti6QBBhShFdKa8WR840IAMQBHzTexEZgEjnSgB0MHYhsNsU3z/ckmYoAcLBZANFk3ztwi2ygBbgLJpGXEokCAggggAI0EaAACRuSrk8UlGgYYJR3JRIJCDCNEjQAEaCCAAjQQQA9ANU9IOgU3T71IkHyZQUuiDxSwEkDVONCBBgI0YF1JhopZj0WlIREsnYqeSUgNaSr6hy7LK4bbStbh2WWMAuxS5pCv4MXR4DNORdpstHSZWa1oLmXK21JgzIwOiFZNoGtbuWbmNRbMXTYExkjbM3LdYNQtijaLJgUrWu3K6oWhrQobsvHGpFjHGAwaKDVRjb3Kzb1VBq+ug6JdFY5g2k/FZNSGzkuMpmC7JbUZKS0oyUFjcm5UOLfNOV5K4ALPYvKBE7VC7Jn0cxxY2rXKtc4qwxZwNW6yrXLoXRigto9ql4eLzXUMKdh/zyGNdl+B8mFEmUv8WFDnO9QbkJ6jSp9x1TEilloivUSpHRKmPUSp6qSKKsdYqVEFGHXKlQq2ZLskkfJO8CvTGVh/Z/D/8ALx/wheaHfMu8CvTWV/8AD+H/AOXj/hCxfaNUXXBYPPP4O32gt3wWDzyfkG+2Ep9oF0y0yt+BhaTgs3lf8DC0fBWLwE/cqfEnkQuseCtpHWaVV1UXPRuC5sxvi7OA4w4nNNaSbnb+xLa/TejzBFzWba5nY8fBMg2Cb5SLj2xx0hVjgBvmHDv17fiqdzlZ5fd/X+H/AK9vxSobZ6Jh6g8EqQ9EpMPUHglSdVdPg5fJzHO3+IMM/XNW5w4/erfBYfOmuYsM/XBbfDvwRvgpXtH+4g4j0nFqqcks2anEBu++HfAK3rNZiq3KAAq6/vqHfAKI9lM2b+oVEKlP6pUU71OoDGIkPyZ8F5/zRrnGv9sfBegJPmz4Lz/mcWzhX3+mPgsMPvf8jZ9Edu5KCSNyMLVlIW7qO8CvQGWNMuUA/Qs+C8/O6jvAr0Fln/DtB+pZ8ArxdmWbonVv4O/wXBsGb/a5vdO74ld4rfwd/guFYIP7Wj9c74lXL3ER6N5ms/1YNVKyf/djfBQ81H+rrKXk43w4eCF2PwacaJTuqkA6pwm7UmCK/HAHYDW3/Iu+Cw/JLpSVntj4La45tDA6235J3wWK5J/was9sfBRDsqS4OjycEkFOOCQQufMvuY49BHVLj3pDRqnGjpLFLkbOf8qzw2mwwHdzrvgufiqYAFveVofeeGn9MfguZXW8Vwa4vaWHpg4BF6Y6+gUEOSgdU6NSYaqQjekid59Ypm+iNqRQ7tE7ynYuuPFMAp1pSGWVY8FjACooJsNUGB0luKcMLg29kgRIc75FdIyP/cLPE/FcrdMQ3ZXS8i1kQwRrHSNBBN7lXhf3GOoX2GsO9GeqoNRi1BTtLpaqJo73hRzmnBRGHHEILe0ulzj8nIoyfSLEhSYBdpWamzngMV/v5ju5oJ+xMw8omCM2m3qHdloioeSPyV6c2uEbNgtcKqzMNnLeJH/h3/BZyXlHoRKDDSVD28bgNuqrGs/vxLD56OChETJmFjnvfcgHfYBRLLBxaHDBk3J0Y5h6IS7pA0CF1ynpC7obSRdC6QDhd0T4Lt9FYYbTAbuaZ8AuGOPRPgu34c6+D0hPGBn8IXVpe2ces6iYzPbtIfFYuN3SC1mepgXxNvrclYtr9Vlm9zNcHsRawOtK0rf5SI9Cd3vJXMmzOBBB3Kyo8wYjQM2aecNbe9iwFTjyKLseXE5qkddcbusmZxstXMmZuxhsjnirF3b7xtt8EJs04vUt2X1rgPzWtb9iU8ilZjHTSTOoU9iy6RNob6rlrcbxPZt90akDukITEtdVTayVc7z+dIT9qzeROO0taZ3dnWYZGkXLgPejmr6SBt5KmFntPAXHC++9xPiUmzT2IWZxVFfSJu7OrnH8JYTt4jTD/mBU2Yc04VPg1TTU9UJZZGbLQxp+KwbYZH9SJ7vBpKaqopKcDnI3svu2mkXU+q2qLWmgndlnlXGYsBxh9ZPFJIx0TmWZa9yQePgr1nKDFG55bQTOu4kXkA4rIUdNUV8vM0sD5pSL7LBc27VZQ5TxqV5YKIsI1JkcGgfWrjOdUgnjx3ch2uzlUVNd6Q2iiaALNa55NvKyQ7PeKhoDIaRnZ0HH7Us5JxYvDXGmaf1l/gFKbydVuxtS11O3ua1x/kltb5oV41xZWvz5j7t08LPCEfaok2b8fmvtYi9vsMaPsWnp+TeKRt5sSk8GRAfEojyfULX7Lqqqd+6PsVddkqWK+DFyZhxl174pV69khHwUOXEq+b5yuqXj86Vx+1dKh5OsJ2ryGoeL8ZbfAKRHkTBIqgWoxIBwe9zvtT/oHqwOPyuc4EucXHvN1DcutZ3wPCMOypVS0tHTwzsLLOa2x6wuuRF1wtIcjU1JWhDym3JTzqm3FbJCbEORbItclBxTTnK0jNsD3DgiYd6Sj3KhJkd3WKK104xm2/uUljGhrdBdVZJC5tx3NKS+NzACQRftVi6w/dKYqtYmeKSYmUMd9lG0uD9UcfVQ9ddZxNcFlFrGE6EzBrGE8FI0VtV86pMJ+TCj1fzqkQfNhV4J8lfWi8qbZFdl09Wm0qDHDm1a6MX2MvZspccQtcpD3Xcno3XaExIS5jQmS3VPSO1RRgEm6QMa2SUVlL2RokPAuExUNsiLtbJZhPBOxW2Ut1gLpDoic2exGY3AblJbYlKcBsoCiPE09iedHcbkuMBOG1kANtaQLWSH3ItZP3ACRcdqAI4a4HRKs9LJG0lAtSAas7aQLXWTrSOcTjgNkoAhao7FPRgEm6eEbbIAiWKGqmCNtkl0YFkCI1ihqpOw0lOc21AyFZBSzG1GImoCiGjT8jAHaImNF0CGrIWUksbbcjawWQFEWyClbDexHsN7EAREadkaBuTaADDSQhayeiF2hLdGCgZGRp7mwicwAJANIwiRhABo0SCBBoIIIAk029SpB8mUxRxukcA1pJPYtHSZcq6ply0gFS2l2UujKgEusAp9JhtRUkBrDYrWUeUdiUbbbrYYdl6ONo6A8knNEc+DFYblR7yDICVrqHLUcbR0FqKbDWRgWap7KcN4LFybLUPkpKbB447dEKzio2sA0UzYARpGiikNtiDeCDgAEu6Q86IAju6ysaTcFWOPSVnR6gJCh2WjeqoFWemp7eqq2tNnps2l0V0juknInBQqiYNdvTLa5rd5TOa+S8EgATclQ1o1KppMUY0dZUtfmBkYPT+tFNlOaRf1mJNYD0ljsaxluy4bSpsQzE+QlsZJ71QTTyTO2nuJK0jD5M3KxVRMZpS5MOKCSVqIUFNw8/LKC0Kbh3z6TKXZorfJBQZ+Kswy8IUSaEkFZ2b0U7t6bkGikyx7Lyo8u5JlIiPUOpPQUt+9Qqo9EpIorgemVLhUIddTISrZlHslv+Zf4Femssf4foP8vH/CF5jc68TvZK9OZY/w/Qf5eP8AhCyfaNfkueCwWevmWe2FveCwOetY4h+kCU+0HhltljSib4LQlwAWcy8diiZ4Kymqw3S6Gwj0SZn6KM4/JORGTbakv+ZPgubKdGM4TmY3zjXn84fBQrqZmX/Ftcfzh8FALrLTwhryE82VhgDv7QYd/mGfFVMsisMuOvmLDR/xDfimkTJnpSD5tvglydVJg+bb4I5OqtfBh5OZZ01zHhn60LcYd+CN8Fh85f4kwz9Ytvh/4IPBJe0f7mQK1+zM49yrcnv2quuPbOfgFJxV+y557lX5IfearP6Y/AKIlM3bz0SohuSpMh6CjcVGbsrGB5tGfBcBzX/jKu9pvwXfZfmz4LgWav8AGNce8fBZYve/5Gj6IY3JQRNSgtGUgO+bd4Fegss/4doP1DPgF5+f827wK9A5a/w9Qj9Cz4BXi7Ms3RNr/wAGf4LhWDG2bP8AnO+JXcsSdakk8FwfC5Gx5oL3Gw513xKqT5Ij0b7NDr4eFMyab0IA7FS5jr4X0IAeFaZIq4H0TRzjb211QhmtIJKUx28JuSrp2HpSsHvUY4pRMfZ1TEPFwSbQ0mHjbScFrAOMTvgsNyU6QVg/PHwV3mXN+FQYZUQR1TJZnsLQ1hvvWOyFmTD8ENRHXS83zjg4OsSFMO7KkuKOvvTZKy9Tyi5fZ83USSH82JyqZuU7Dg75OmqHj2QPtWGW3J0OEXRv2lGHdILnR5UqcDo4dUHxcAoj+VOXbuzDdPzpAsal8F7CXytvPo+Gjhzrj9S5jtK7zRm6pzLLTsmp44WROuA11zdUZW8E65LiqVCrpTTqkI2dZUaEmxsnmQuc2/BIZrZStvZZZQyhkRkGyf5mzb3SBq5SdCyyljJFLZoGieEly4GyZjaGgdibdKGF2qGT5I7wNopslzeq4jwKPauVf5ewF2KWkPzYdYpJNuinJJWyjjoqqoG1HTyyDtDCVOhy9i0zQWYfLY9osuw0lHFSUrImMAAFtyfLQOC39H5Zz/UvwjkTMoY07fSBvi8KdTZFxaQXcIWeJJXTHBSYLbB0UvDFC+pkc9j5Pavmy51ZGCBewYUWJZFFBgdRiBry98MfOGPm7A7tL3XSGEa3VPmpx/orilv/AE5UenFciWebaRxzaR3TQdco7rOjtscuhdIujulQBu6p8F2OlrWRYDSEn8Qz+ELjZN2lbH7pP+5EEQcdIwPqW2CVWc+ojuoqMx1jqusc8nQGwVI0qbX3tc8Sq9rlGTlmuPhEgFWuC4O/Gqt8DZebDGbRNr8bKoj1WyyGPv8Aqz+jaPrURjbHklUbRYw5Co2x3lqZ3O7rAKRDknDbi7p3ft2Ws2QGAHsSANk6BU8aRyetL5KI5RwiKO3o7ie10hSqfK2Et1NI13tElXMl3EAoXDGoUVfQvUnXZGZg2GxCzKGnH/LCOOipWuJbTxDwYEt1RpZKieCFbgl4I3P5HwxrW6ADwCxPKPY4fRu4iUi/uWyfJpYLF8o1xhNIT+WPwUT5RphVTTIvJrGH4pVyEdSAW97lv9pg2yVhOS4XnxM9kcY+srXlxfNs30vqrhxBCzc5H/QDXbVQHAaKVLKC2w4oCNgYSAoZk6dr3slVE9slwyBjdk70ksvJtFNG7RtFMOqiXWapbHXwWPOtAtokMmbzvABQyHubtEpcNO+RpddQ5vwG1JclPyhPjOSMS0BOw2x7OkFwXaXbs/Ne3JOJXGmyz+MLht1tie5NmuNUgyblEWHYDuCTdLlfs0ze0rdFSYy7ZDDfeo5KDnXSCVaRmGSg3W6SSlM1DvBMQqDcT3p0yNYANoaKvLyL2KSXJ0TZPdUMOlxuTU8jXNb0h5qGXpBcntE5EaNh2UWydpT2RCyVzDSb2XTZyApx0E/ZJY0N3JakaKyr+dUin+bCYq/nE/TfNqvBJAxD5xRo9o7lKxD5wJuC2yrXRjLsSY3Wuia8t0Ug22bJl0eqYgi7aQDi3VONiAGqBjF0CE865AAu1S+aCca0NbZIYzdzUC9x0KesC5K2GoAjAuG4pW048U49oCNgBCAENc4J3bNkoMBSgwXQAyS4pJupOwAEh4CQDGqGqkBgQ5scUAMAkHRLLyRZOc2AQg5osgBpjiHaJ3adZNR221LACBDLXu3Iy5xG5ONZrdKsEAMBxCVtuTgaLobIsgYy57roCVycc0WSY2oEIc9x3pIcQVJLRZJ2AgY1zjkoSOATojaj5tqAGdtxRiRwTwY1J2RtFADTnF29J2SpOyEYASAZY4tG5LMvcluAsVGQA8JO5BxLhYBNNOqlNIsgCNzbuxENFLcW2Udwu7RMGJQGqeipnyHQK2o8HdIRcJEuSRUxwSSGwaVYU+ESSEXBWroMv7iWK+psFDbdFQ5k7mQMr5ZY4te5i6XRYNFFEBsBQ8Do2wsAstVGyzFzct8nXiXBnpsNYya4aFIhpw0blOqGjbTYCYbVYA0AI0LIWQMQQklOEJBCZLEJuQ6JxNS7kEsiOd01bUR6IVM5wD1YUs4a3ekKHZeg9FUeLVAjdvUw1rWx3JWGzPjrI5NkPTXLo1m6iJxDFGtcekqCox0NJs5ZzEMYdLIQ0kqsdM+Q6lbqBx8tmhqsfe64aSVUzVUs7rvcfBRmpYCukhiggQpFPRzTkbLCrRmByFoJBStAUWyXbglCB19QtNDgpAF2pNRh4ivoluAz4isFIw8ffKcnAYCmsPdeqQ+i49msitzQTMgBBTrPmUw42BWD7OyL4Kqqb0lAlVlUi7iq2YKiSDJvUOq6pUyTeodT1UIPBWeupMZso3rFPsWhiSdr5N3gV6gyub5dw8/8PH/CF5cv0HeBXqDKhvlvDT200f8ACFlPtGsOmXnBYLO+vND9IFvTuXPs8Os6L2won2iv2stcFNqJvgirJCJAm8GkBom+COez5gE32C6JUU3QRy1QEJ14JoMAYoVY8NhdrwWU1ZtB0cizC/bzNWPHFwVc8k6BTcTbzmN1Lr73IRwjiENpIuMWyqfcHVWmWf8AEuG/5hqjVrA0iykZbds5lw0n/wBQ1UnaM5KnR6XgPyY8Ecps1IpjeJp7lDxXEIqKme97gLBW3wZpcnPs3yNdmfDhfc+63GGvaaMajcuF5ozLJV4+2eK9ozZqvMKzTj8kAZT0peCN5R+0P3M3GO1LI9u5G5V+SauJss93DpSkrI4nDmmva57qfZb3KgwaHH5cUdSUsropA7pG25JJNcMHafR6KlqYxHfbHmofp1O3rStHvXPZclZnqacF2PTg21FrJiLk1xKU3qsbqn920sMjV8s2h1wjc4lmXDaKFxkqYwbbtpcPxivZiWYamqiN2PdougnkopHxkvrJ3PtvLrrnmK4ScDxuah29sMtZx7ClhcG3T5HK/wCgppSwU23clBWykLceg7wK7/lpwOXqL9S34Lz87qnwXXMu5gZFgNPG49JkYH1JwdMjIrRZ5xxluHYbJsnpuFgFwwyPNQ6S5Dib3C2eaa+XEJ3OcTsDcFjWtvNYb7obCK4FTVM0jLPkc4d5UjC6XFao2w/nW97HEBPSYY4U/OFdCyFTRsw8OLRdNdAzJR5IzPVjbkqCL/SkJTsfJri0vzlWwH3ldhJAbohHYlTJu+GCfHRyCs5M8Qo6KSpbUsk2GlxaG2uqHLGASZgr5IucMbI95G9d6xNwbhVVf8k74LlnJgPvytP5wVL4JsvqfkwwwNBmmncePTspA5OMCY4Xjmd4yFbQHopsnVZZFSKjNmbjyJl5g1oGu9pxP2qRBkzL8brjDIT4i6vQEAbHeudl738nJ+UrA8Ows0U9FTMgdI8tcGCwOiwa6XytEej4b+tPwXM1rj9ponwHdG09JKjj2xvRlmw7etCiVG6xF0+57SN6idicbbioaKQ814unWyXdZQiSCnoSSUmiiza4nyUKV3SOqdbKA4i6ivfdxQSuxbV1PIcYGBNfbUucfrXK2rrORB/Z2Lxd8VWJfcRnf2GnduSSlPSLrqZxIS5PQ6NTLlJg6hUSGGx2pVTmg/2VxT/LuVsLBxVRmsgZTxP/AC7vsXPLouPuRyCgY19YxrgCDfQ+CRMA2Z4G4EpzDj/WEfv+CbqD98Se0Vmd98iLoXSborpFWOXV9ES6nYO5Z4FajDoS+FhtpZXAzyMqsVbssaqlh1V5mFnNBoVBG7pIkhRfBPpxcra5CZaorXdgaPisVTGz1usgi5r7drftTxx5Iyv7WbcucQOyyNjtNUOACbeDbRKXDOZcjhs5yU6MWSYxYXKTNNsDciKsP5EaVlyQAlQMN9SkNku65KBlF9FtJuqBEgNs4klY7lII+5VGO2f7CtpEGujuVheUl49AogN3PH+Fc0ujTF7w+SzrYqfzY/8AqWvDNkF/FY/koN48XPdH/wBS1kk1mho1K2ivsQsn8R/0AZnMaQeKisf079iXO8bN1BBc5+l/cpYibLVF3RFkIIt7nJVLTNe27tSlygw6DULGT8FIeDehvTkUhb0UzSOL367lLk2Q29tQoolvwZzlGe3+geJi+uyz+Nq8/wB13rlDv/QLEzw2WfxtXA7rqw8o0x8IBNkdQfveNIJR1J+94gt0hyZFJSSUCUklWQHdOw6tee5RyU9AehJ4IfQWQydUm6BOqIqzOwEpJKMlJumBMalhJalBanMGjRI0hldV/OJ+m6iZqx00/TdRV4F5IOIDphRGvLdymYiOkFBVrown2O88eKHO34JtBMkfEw7EDLdMJSAHhKgZdEyjSAWJCCnOeTCUAgBbpC5G15CRZHZAD4mCPnkwAjsgLHTMSiMhKbsUdikA42UhKMqZRgFADhlN7ojISEmyJAABs5SA51t6j8U6HiyAHdsgb026Y9qQ590lAC+dcj5xybRoAXtko2vLU2jQA4ZSQi23JCNACxK5GZXJtGgBfOuRc4UlGgBXOu7UYkd2pCAQAsyOI1KSgnGRPebBpSAQlta524KwpcKklIu0q/o8AJtdqTaJcjMxUcjzuKsqbCXOtdq2NNgAbboqzhwdrbdFS5kOTZlqPCNR0VqMOwlrQLtU+Ggaw7lZ08QbbRRKQJc8gp6FrGjRSRC1vBOtsAkl2qzNXRaYc21leNHRCpMP4K7b1QhHTj6IdSOmmgE9UddNtSH5BZCyXZJKAGyEgpxxUeSQAIEwONlGnkDQUzUVjYwblUWIYwxjT0k0rMpSSHq2vbE4m6hDH2MHXWRxTGwXOs5Z92IyyyWDjZa+nZlGTvg6BXZq2Yy1rrlYTE8QmrKlznONksEubc6qDPpIqhFI0m3XI2lNSQC42CusLwd9VI0uBsrboyIdNSyzuAY0rS4Zlp8hDpGkrTYVgEcTGnY1WnpcPawDorKWT4LUGygocAZE0dBWJwtjW9VXzIA0bkmRgAWdsvYZuSiawHRZrGnNhY4rZVpDWlYDMshLSFcOWZy4MxUVBkebbkvDD99KGVKw38KWz6CPZsI9YQmZRonovmQmpVjR1JldON6rZ96s5+KrJ0AQJN6hVXUKnSb1Bq+okh+CrJs4pxjkyesU4xamBI2ugfAr1BlA3yxhn+Wj/hC8ut6p8F6YydWRnLGHDaHRp2D/AEhYz7Rtj6ZqXGzSVyrlBxOKKaNpdqHXW/xXFYqSje/aFwFwjM9ZLiVe97idknRQ+ZIt8RZp8JzjTwwbD5AE7Jm9jpwY2SPH5rCUvIeV6WogFRPE15P0gulR4PRQxgMgYPAJyfPCJjFtcs5y7N0zmWjpKg/8sqqxLH8TfAdmhqALbywrrn3Ppwfm2+SbqaGnMDmmNtiOxYyk1zRvGK+TzrHUOlqHvk0cTqCprXhN5ojbR5pq4ohZocDYKC2ocAqcdysuM9vDH6sh7gjws81i9JIPVlBUbaLjcqRRfh0B/PCaVcGcnbs73RY4PQ23OoCyeY8QmxDaiYTs8bIU0jzTtaDwVzSYJt03OSN6TtUPgXZxqtoCzEow4b3LsmVaCGOgjOwNw4LC5nohT4xAAN710XATs0LPZVN3EhKpFxJFFzRGyNywmXYWHOuJENGjxbyWumqbNIusnlY7ebMSd2uCwwqpM2yPhHSHfNWUTipT/m1GTz9ixiXusw+C4TnN+3nGpPc34Luc3zZXB81nazbV+I+C59Ov9T+hrL2kRu5KARDcjC6WIDty1+Ek+hR+CyLty22XKV1VFCxovcapomQxX0bnUzpLaLJUjdvEWM7XLsOKYU1mEv6O5pXJsJZtY9G39InQk+DU4jS81hd7W0WjyWLYe0KvzDGI8K3cFPycfvEKmqITs1xPRQYSNUW9K3NXPN8mkeiNjDj9xqs/onfBc35LxeprD+cF0HGn2wOsJP4p3wWA5LReWsP5w+C1xuyJcHVh1UgjVKb1UlxsVOQIhpB690YN0N65Zcmi4Oa8rThzGGD9K74LmhK6PytM2W4YbnWR3wXNitsS+00Q4yUtFgjEhc4XTF0ph6QWlBZYtA0ulEtAvdRZnENFk0HntU0XZJc8XUmB42VXbSfpjd9kmh7h2V/yhQabkJuY2lKEZ6QSodk5u5dayKLZbg9/xXJAdF13I/8Ahqm8D8VeL3GWd/aaJySUp29IK6DkEO3p+IkNTDt6fhGiifQwXu5VGbzbKWJn9AfiFdGMAXuqPOH+EMU/UH4hcrNIvlHHo5XQzCRps4FE55c4uO86pu6F0Udgu6JJBSrpUOwXXQMHp74fC629oK58dxXUsDiMmFUgA1MY+C0xq2ZZnwjIZubsFvisvEemtfnyPmZIh2lY2I9NNomMuCzpz8oFvOT82OIeLfgVgqY/LNW+5P27X3S9pg+pOC5Flf2m2a64SXOsUBZot2IiNt4Cyl2YocjdcdybqXN2OF0ctmNNuxVznOcdVcFYfkHgj3IbklxWjBDrZDbesZyju/q+h/Wu+C18Q2nWWP5TLNoaBo/KP+CwmjXG/uHuSY/e+Mns5v4OWjLtp11meSU3o8bPsfBy0o6q0XtREvewpnXbYKRQRN5suIBJUN90/Sy7ItfRZz6BE5tmSdiRUWedCmZJe9MOqebGuqxookRyc0d6kNkEjrE9FVrXc6Qb2TzWSONhuSaAp+UYvZkTEha7S1gv+21cD2l3rlLfzfJ7XAu1cYm6+2FwAOXVp19rCLFkoVL7tjHYEguSJXXI8F0JDbGyUklAlJJVE2C6egPyUngo90/FpTyFD6ERCklGURVkBEpKBRJissAlhICVdWYCkEV0oIGV9X109TdRNVfXCcpuqn4F5I1cLuCiiNpUnEDYhQxKtF0YT7Hubbs7kXNtKSJCWojKQbJiF80EoRNTQmKUJSgQsxtCNsbUyZSSlMkJKAHHMHYjawJDnmySJXXSAlCNvYhsAJoSuIQMjjxQMeDRbcj2Qo3OO3XTgc5AWP2bYbkQaN6Y51yHOuQFjrmhJskbZKcY4X1SEJLCeCSWEcFI2ha6QSEAM2RJTt6KyAAjslNF0sMCAGkE8IwUfNBADCNOiIEpYhFkAMIKSIW3RmFqBkVGlyNDTokIEGglNY5x0ClQYfLKR0SkKyIBdPxUskp0aVfUeAucQS1aKiwEC3QSciXIytJgb5CNoFaGiy+BboLVUmDNaB0VcU+HNZborNzFyzPUeBtbboq7p8NawDoq0ZTtaNycsAouxqJDbStbwSjE0Dcn3OTD3oDgbIAKWx1kw52qUy5Toi+SW1+iMHVNNaUsNKk1SbLnDzuV009FUOHmxAV6zqhI68fRFn66Q1LqD001tgJAOXSHPsmZKgNG9V1ViLWA9JANpEuaoDRvVPW4m2MHpKoxLHWxg9NYjFcyF7i1jrq4wbMJZPCNDimPNbez1jsQxt8ziGEqrnq5ahxLnGyYWyikZd9i3yOkN3ElLpxeQJpTKCnfPO1rATdUxosmN6G5QKiF5k0aVu8Oy450Ac5pulz5fa1/UWSmrLn0ZTDMLMjwS1dDwTC2xtb0VEocNETgNlauhiDWjRKcrIgrZMp6cNA0UxrQAkM3Jy6g6UKNgo8x0KeJUWd1gUAymxA6Fc+zEb3W6xGUBp1XP8flDnEXVwOeXZm3b1Iw0/fSjvT2Gn75WzCPZsoj8iE1KUInfJBIkcszoIc/FVk51VjMd6rZykykQpN6hVXUU2TeoVV1EkN9FSesnGJBHSTrAtGYDrV17KWJyw4TBHc2awAeS5G0LpuVo3y0cMbBdxACymaw7NLUmfEjsXJastjeEiAB1uK6ph2ENgpRtC7iNSsjnGARtGnFY3ybNcFzkdmxhjQth6qyeTdMOaO9asnoqn2yY9IQTqmKl1oneCW52qi1bjzLvBYZHwb41ycAzedvN1ae8KsAU/MRL801pP0lDAW0fajOXuYbU/R/hsPthMKXhcfO4tSM+lIAgR13LuGmpcxzx0G6+K2xhayHZA3BRcHpW09IxoHBT5OoUVwK+TkmdmBuN03tLW4MbUTfBZTPB/r2lH5y1mFNIom+Ca9gn7xuplsXC6o8nG+ZcQP5wVtUtJkeqfJf+JMQ9oKIds0n0jpb/m1D2tVMf82oBPSWeo4HiCqHWice5cFzG7bzTWH88fBd0qzaB2vBcGxt21mSrP56w03OR/yNp8QX8wmjRKsibuSl1sixD+quy5Fw1jMFhncOk9oK42/qld8yqzm8u0Y/Rt+CcVyRN8DuNMH3Nm9krh2BdLMjB+kPxXdMZH9XTeyVwvLwvmZn60/FPySnwb3NQthR8FIyf+BhRs3aYWn8nn70CchRNfuQL7iyMEIha4K5ZdmyK7MMezl+tN/xTvgsJyWdar9ofBdBzBY4BWD9E74LnnJbpJWD84LbFwZzZ1Zm5NydZLi1CTIllXAQA3VG641CQw6p2+i5GWcw5WnXbhg/SOP1Lmrl0flZdeTDG8Q5x+pc4K3w+w0EJcfWCRbVLY07QWgWP1B6ITF09UCzQo6SG2L2lJoj8qoalURtKhoE+RdQflihEemEVQbzFCHV4U0VZPvouu5G/wAM0vgfiuQHcuv5G/wxSeyfirxe4zze00bt6QdyWUhbnKNu3p+I6Jh29OsF2rLI+C0O85foqnzi0f0PxS35A/EK2DNL8VTZwef6H4oD/wCnPxC5r+SkuVRxe6F0m+gQuqo67Fo7pF0LpUOxTjZh8F2zLVKI8Ao3kXc6Fp+pcQkPybvBd7wRtsv0I/4dnwC2wrk59Q+Ec45STaenHeVhIXdNbnlM/Cqb3rBRH5ROSFB8FxSn5Zi6Dye/+ZfrGfBc8pD8vH4rofJ7/wCZ/rGfBKHYZH9ps+JSQ60iMnUpIG0brnn2SuhxwD96UII7dVENyDi4C4TixMiVMYa7RRi3VPzPLnaplbIAr7B0WJ5R37VLh+t+m/4Bbctu1YHlFBZDh9+Ln/ALOa4NMfZY8kf9342e9n8LlpwLBZfkjP8AVmNn85n8LloxMHHZVfsRD97FSMuLhMtJYdVLHVUOc2O7RZ3fAxbpCHAnVRqqXsSTKXvACdnpbwbROqnhMO0O0DNoAuJtvU8SET7I3KHROc2MCys6eFjukd6iXY10Y3lUhH9CZn6lwmiH+pcNETyNGnyXeuVT/A04/Tw/xLjUIGyunDxAI8lUYJPoHySXU0zvxZV5YIrLXcVRRehTn8WUPQKg+p9aunGyMKtzFRR/c6o+iPNPsoZhC5lhc96tHacUOCN1ioozhc/a3zRHC5+1vmrslEU9zJ2oonYbK3e5qQKB59dqexOpc2bm2kgW1UKOoe0WvotFdWQ2kyWEl0gaUlsg7U1M8XWhgSWSBydaVWxy2cLKfG4EIY0RKvrBOUvVTdWekEqmOifgT7I+JKtVliA2hoq8Ru7FpHown2AOICF7o+bd2Ic27sTJCuj2kNh3YhslAAulMfslFslEgB0yAiyRdJSmsc7cEgFh6PaJTsVG9/BWEGFuNuilYrK5jHE3spLYnkdVXcGEE26Ks4MG/NSchbjKtoXu4J9mFvPAraw4KPoqW3CWtHVU7yXMwZwogblGloXR8Fv5qBrQdFR19O1oOiFKwU7Mi5pCDRcqZUsAcVDPRKtGg5zYQ2Akc6URlKBgcdk6ICQhJuShYoEOc8UfPHsTVkEAOiax3JXpHcmLIw26AH/SD2Ic84o4aR8h0BVtSYO95F2pNicqKlsMkp3FWFNhMkhFwVpqPAwLXar+kwYADoqXMhyMvR4De12rR0OBNFugr+mwxrbdFW8FI1ltFm5gk2VFNhDGgdFWsNAxg3BTWxho3JRICjcWopDTYWt4Jeg3InPTbnoAcLk096adKmHzJktjzn3TL3BMmVNPkJCKC1Q5ti+9PxStG8qscJDuS2Qynim0JOmXAnYBvSTUtB3qAKeU8SltpXcSopGnq/g0OGvDyCFftPQCzWFnm7Aq+54Bm/gps6cTtEasnDH6lVc+INZfpKHj2KNgkttLEYlmMNvZ6pRbM8k6dGorsbbG09MLI4nmYNuA9Zivx2SYkNcVTSTOkN3G62jjrswbcuyxrsXmqnHpEBVpcSbkpN0LrSh1QsOSwb7kUULpDYBXdBhBeQSEN0JsroaV8pGhst7lLAw57XuamaTB2i3RW8y7RCJg0WM52qQ8fMi7pMPYyEDZG5Ra2iYHblfxNAYFAxAC6yR1zS2me5kMfuVjT6AKPIOmpEAVHLHsnM3JxNs0CNzrINwPdYKuq5w1p1UmV5sqDFZy2N2qCJSpFHjOJBu0NpYevquekOqmYzVudK4XVKwGR62iklZiuWE7UJ3Dvwj3qQIAGIUzAya4RvTLSNFGbRBNvcgx/wAkE09yDZDEzlXzFTZSoEqlloiPUOq6qmPUOp6qSH4Ks9ZPRpu13KTHHorbMkgwNF3fk7wgMwqCpkbdzmgjuC4aWWYSvSuUYhHgFEAPxLfgsZs1gqNAGAMsueZ5Ftn2l0U9Vc8z2NGe0ol2i10yyyd/d7VqXmzCstk7+7wtS/qFOXbFHpEIuJck1LSYXeCMddOTNvC7wXPJWdEGeeswstmquH5yihqtMxw/2srvEfBQjFYLZP7UQ48sY2VYYG0fd6hH6YKERZWOANvmGg/XBNEs9D0gtA3wTknUKTTfMt8EuXqFV4I8nJc7C+YKUfnLb4RDehZ4LFZzF8xUnit9g+lE3wR+wb9xDq6UNDz3LL5MYRmfEj2OC2tcRsO8FjcnvAzJiXe8LHF7mXPpHRZTaJV17uKnTOHNKtDukVGpKxDWIOtTP8FwbEjtY9VH9IV3ava6SBwHYuFYpGYcwVTDvD1lpPczXL7ULbuSkQGiUusyEydUr0DlwWwCk/Vt+C8+ydQr0Jl8WwOkH6NvwVR7ImKxn+7pvZK4Zl3/ABPH+tPxXdMY/u+b2SuF5c/xNH+tPxKPLEujdZv/ALrT2UD96tTOcP7s96XlJ33u0dycugj2bPglBgITQKeaVwyZsQMcaPuJWD9E74Ln3Jb89W+0Fv8AHX2wWr/VO+C5/wAlp+XrPaC6cJnM6vENEUo0KVF1Ub1c1ZCZHh0JRknb0RHQ6b0pgI3rjmjVM5XyqlxrcPad1nELAFq6FyrkGtw7uDvsXP7E7gt8S+xDb5G7BKYekEHNLd4RM64WlC3FxHRxyxguCX9zYfop6n+aangVkakP7mQ/RQ9AijBc0WNlNSJdI3eCAKN0e3M4d6eZCI3XJTTH2mce9OOcXuCbQ0x82suvZHP9l6T2T8Vx61mrr+R2kZXpPZ+1Vj7Iyvg0t03feljcU0N5WpzhOOqkRdRRXHVSI/m1lk6KQ5fUWVLnQAZNxU215g/EK8ay4uFRZ2f/AGLxX9Rb6wsKGu0cUvoEaS09EI7q6Oqw7oroXSSUUFgkPyTvAr0Fg/8AcVFp/u7P4QvPUp+Sf4FehcHH9RUN/wD07P4QtcPbOfO+jmfKYfvqm8XfALARH5RbzlMNqum8XfYsDEflE2giy5ovwmPxXQ+T7fif61vwXOaE/fMfiui5ANjif61vwSj2OfRsH3LjZOMFgkXu4pwaBc0+xeA3GyIONtUlxuUYHRSQiM8XcUy7Q2Tslw5RnG7lugHmm6wHKabMw0Dtk+xbkOLVgOU2S5w0X4SH4KZdFw7LLki1wzHPaZ/C5aiSANYHBZbkh/uvHD+ez+Fy1ksoc0NCJcRRD97GGSG9kb2bYOiAZsm6kMLSLdqxb+CijN4asB2gO4qwlna6NrGm5couMQOZEZANFAwMOnqHPe4m266bVrcK6dGkhZsMb2qVGCDYHeg1gDQEtj2tdbisrKMjyoi2SJdfx8X8S48zQWXYOVJw/oU/vqIviuPLqxe0F2LBKTc7SUDoiK0KCcbiyHBC6NMQkhHwREoX0TEIde+iJw03oyUR3JiKbGGBrmSAb96q2uur/EoucpSeI1VCwWW0HwYzXIkPIN7p+4c0XUTVLDjay1MUKc4NcpEE1yoLwSbpyG7Tqh9DV2SKl13JdOdFGlcSU5C6wS8DfY5MA5ySI223JMhJdvRBzrKkzNp2JcADZFojLSSgISeKdonaxLgLJpTY6N0ul1aUeXHTkXCl5IrtlLDOXSM97kbYHvOjSugUmS2vtcK/osj02hc1YvVY15NVo8r8HLqbC3PsSFcU2Dbuh9S6pT5Oo2AdAKzgy1Rst8m1ZvWQE9HkOX02C7uh9StqfBwLdD6l0qLBKVvqN8lKZhdO3cxvkp+qTJ+in8nPocLtboHyU6LD9n1D5LcChgHqhGaSEDcFProX0b+THCmDR1UzMGsHYtZUQwNadyymMVVNDcbQ8045UyXo5FHXVDGg6rK4jWN11U3EsQY8kNKztQ7nSV0xaM/p5IhVFQHONlDc8kqaYAeAQFMOxabkWsUiDdKCnilHYlikHYjeh+jIiwtBCdewbKkCkAUiLD+cSc0NYpfBSnegASdy1dLltk7hcLTYfkqlNi5oKzlqIR7ZcdJkl0jm8NHJKdGlXFHgrnEEtXVKPKFDHb5Jqu6bLtFHa0TfJYvWRfRX0WTycyo8EDQOir+kwgADoroEWE0rLWjb5KWyggaNGN8kvXTIejl8mMgw4Nt0VYw0oaNy0wpIfojyR+iwj1R5I9RB9I0UbIg3gnRorZ1PEOAUWdkLAdyN6H9NIhFwsmnvTjpodq1wjDYn9iXqRQvp5siOkCZfIrZlLEeAToo4vohL14of0k2Zt8h4XTRLjwK1goovoBLFHF9AJfUxH9DL5Mi2NxPVPkpLKYne0rVMpIb9QeSktpYbdUeSPqEw+ia8mSbS/mnyUhlPYdVaf0aHsCJ0EIG4I9ZAtI/kzhiA4Jt1mqzrpKeFpJICy+IY1TRXAeLoWVMHo5Fi2sZC6+0EmpzFDFGemNB2rCYhjZkJEbrKgqKiWa+1I4g961VMUcU48E3MuZzVVbmxOuAspNVvlN3OKnmma43RehsPBbqUUQ8Mm7KkvQ21bihYeCcbh7OwJ+pEPQkUu0nIm7bwFoIcLje4DZHktLhWXKZ5a57GnxCiWeMSlppsz+GUG1Y2WvoMPIAsw+S02G4JSQtFo2D3BXsdNAwWAaueWoT6K+il5ZmYKQtAu36lo8LaGABOvZCBwUGbEoKM32gFKyJjjpZRdo07HAM3qrxCUF1gVRnNtODsB4JUuiqhXSB53JvLFdmvoTkqC2HOfoCVNhhcLdE+SsoYowBoFKGwOxNZUzL6an2VrYn26pROif8ARKtNpncmpJGAakIeRItYLKaZjg06FZTHpCyN17rZ1VVC1pu4LB5ixKnddgcCVMc6uglo21wc8xCQvncmacgO1VjUGJzidFEswHSy6fVTRktJJDss1maKPBMTIlOLSN6Jmw08ElNIr6eRcRzdAIF91Cjnba108yQOKPURawMOQ6KFKVNeNFBm0TUrE4URnqHU9VSnKJU9VAn0QG9dToW6BQmC8itKdlwE5MmCsDo/kyvSmWBbA6Qfom/BednMHNFei8tD+pqb9U34LK7NKouTuXPc97o/aXQjuXPs9/i/aRLtC8MsMnH7watRIbMKymUXWoWrRTzWbvRIIdIKMXcnpm/InwTVMdrVSJ/mXeCxfRsuzhuYYf7UVhtxHwVe+LRXuPMBzFVn84KvfFcLPd0dKhwUsrbFT8vj+0FB+uCYqWWKl5dF8xUH60LeLtHNNUz0HT/NN8Ecx6JRU/zTfBCfqFaPox8nKc4a5kpB3j4rd4W61E3wWCzab5npvELc4c77zb4I/YH7wsQeTE7wWEyvM5maq3fYlbypYXxu8FhsvxWzZVjvWOJ/czXIvtR0OWb5JMU/yjkueM80lYfEQLlTlVseN0PywjmTpwXA8yt2M4Vzfzx8F6FmFoj4Lz9mwWzpXe034BLDGsn9BylcP6kYbkaIbka3JESHolehMAP9SUn6tvwXnuQdEr0JgAtglID+Tb8E49kSF4x/d8vslcKy4f7TR/rXfErumNG2HTeyVwnLB2szRfrCn5YvCN1m939Wgd6XlP5pg7kjNw/qweKVlY7MMR7gh9Auzahosie/ZSBLfRMzy2sLrj22zeyHj7z9xKvX8WfgsTyWC8tYe8LW5gk/qKq/Vn4LJ8lZtJWeIXVjVIxk7Z1iIWahINChG7RFK6zSnMSI0ZtIbp2Q6ab1E2i59gnmjtK4chskc15S2h+IUN+xyxpiYDoFsOUpwFfRnucsVG4vc430W+L2IG+RioIOijtPTCVL86Qm72kHit64Mr5NJT/NNTqZpdYWp9Ys6ABNzm0LvBOpiqNoHIGUserz4qQLXUWI9Ip9p1TYkx49VdiyUP7L0fsLjTj0V2jJgtlei/VhVDsjL0XnamxvKd7UzxK0MRDuspUfzKiPPSUyI/JBZZOikORPs3VZ3Ozi7JmLG2nM/wDUFft0OoVJnktGSMW/U/8AUFh3Q+mcRaeiPBKum2nojwR3W1G9i7orokRKVBYmU/Iv8CvROEaYFRf5eP8AhC85zH5B/gvRmE/3FRf5eP8AhC1xGObwcr5TXfftMPa+xYCI/KLecpv4bTH2vsWAiPyiYolzQn76j8V0rk/bePFHfpmj/SuZUB++o/FdMyA8NpsUJ/8AUN/hUrscujXgapbjYJtrtUu4cuWXY0EDtFONukAAJQOiEAxUkAKDe7lIqidVGYLrRPgQb72uudcpbzz2HD8yT4hdSp4GSDpLmPKxE2Cuw1o3GKQ/6gp3W6Lj2WvJCf6pxz22fwFaQC5Wa5IP7qxv9Yz+ArWhrdkqsnCRD9zE+rqUUd9q9tyTI4tHclQSA6blzsoRicrXULwezcqPLEg5ybucrbFYucpnbI4Hcs3lku9Onj4g7lS5gxfuRuGvdKQGhOui2bG/imKY828A7k1iFeI5GxNIuVkUzL8qrw3KDWjjVR/auSArpvKe8nKtOCbk1TfgVzBpXbh9gl2LuhqiRrQYYCCIFGgAikkoyUi6YgXREoHckPNmOPcgBuqINO4E8FmgdSimqZnSuHOOtftSBdbxjtRzynuYzzqLnrIxHom3x6q+A5HBN3pQm7002PRL5tLgasUZr8UYntxSObQ5tHA+RfPo/SEgRXSxTOdwS4HyKFSEsVQCVHh0j9zSp8OAyvHVUSnBds1hjnLpEenxFkRBIV5R5qgpyNpm5RWZbeSLtTzsrOA6q55zxS7Z1QxZo9I0EHKDRRgXafJTY+UygZv2vJZuDKBkHVUhuRyfVXM46b5Z1Jal+EaUcqeHD6fkiPKvQDcH+SoW5EHFqV/QaIb2qf8A43yw9PUfCL0crlCPVk/dSXcr9IOrHKf2VnpMnU8e9qhzYBTQg9EKktO+rM5Y867o07uWKIdWmlPuUSflflfpHSvHiQsNXUcMZOyAq/mhddUNPiaujjyZcsXXH9ja1PKXiFSCGs2b96oanMNXVuLpJHG6rWQhL5oLVYoR6Rk8s32Omve7eSgKtxSGwi6ebThVSFbE+lFAVJS+YCbdFZyXA7Y8yoJTwqHDgmook6YtFDLTB6Wb7lOpqx4As1Voiu8K/wAOoOdaNFE+Ea4+WORY4+ksSy6mxcoQgOyad+nYEmfBHOZo0quZlx7prFpXNJ4n7jsjHJ+00UXKhGzfTTe4KWzlWgH+61H7qgUWUmOaNpiuqfJ8Ol4gud5MCfCf9zb0svlr+xHPK3E3dRVJ/YRf7Xm8KGo/dV1Hk6nI1hb5JMmSqcjSIeSFkxfD/uZvHL5X9ilPK+eGH1Hkknlbnd1cNn8lcQZIg53WIEK5gyfSNA+Rb5KvVx+Iv+5LxNdyX9jDycq9YRph8o8VX1PKViM9wKSRq6VNlKj2fmG+SqKjKtK12kLfJP18a7j/AJJWGUupf4Off06xAO2jBJ5KXByjVrNPRpD7lqp8s0+z803yUWPLEAf82E/qML/aWtNkX7v8ECHlIr7fgUh9ykf7T61m/D5T7loqPLcAaPkx5Kb/AEYpnb4m+SxebG/2/wCS/Ta7f+DJt5VKv/8AbJSnmcqVVxwubyWsjyvSg/Mt8lJZlylA+Zb5I3wfUf8AInFLtr+xkW8qFSd2E1Hkjfyn1oF24TP77LVy4JSxt0jb5KlxClpomnotHuRuj8f5KUIv/wDwpHcq9aw9LDJB4uCiVPK7WFpaygLT3uVZjEtM1xDbXWZljD3E2XZiwQkra/ycefI4Ootf2LOvz3iuIOO0dhp4NVacYqZDdzifeo5hATkUAJXSscY9I5fUk+2L9OlO+6Hpkh7VJZRgjclmjAG5KkO2QxVS3SxVygbk+KYAoOgACdIW4aFbJ2JYrJ+AT1NR844ABaKhwHnQCWKJOMey43IzUddWtddrCVa0+YMXhA2ILrYUWWGEi7Ar+nyvCALxjyXNLNF+Dpjja7ZgGZ1xyFv4ID7yh/tBxvd6K0e8ro0mWKcs+bHkqeoyxEJNIx5KFkh5iabW+pf+jHSZ5x2RthA0eaqazMGM1N9tp9y6XFliK3zY8k3VZdhjaTzY8lSywXSIeN/JzKhlxaWoDmxk68St5hlfj0EbdmCM+LipeH4fDHJ1RvWgaYIY9SAss2Tc+jfHBRXJUOzFmGJt/R4f3iqqs5QMfo77VLTm35xVnimL0sLCNsXWDxKt9MkOyNEYMbk+VwLPLHGP5Lh3KpjhFhSU4/aKg1PKHmKpuA6KMfmtJVK2nuU82mA3rvWHGvB5vqz+Q58y47VC0lUbdwsoDp6yQ7UkrnHvU/mWjgmpGgKlCK6RLnJ9shGSbi4og6U8U9YEp6OMEqqRNsi2lI3lIdzreJVwyAW3KNVRBrUcDtjNG10jtSVdwU9gqzD29JXjNAp8jvgbkaA1V0+9WMztFWTnUrRGMmRXKLU9VSXb1GqeqqRL6IDD8orelIsFSg2kVpSvNgnNE42WTz0CvRGW/wC56f8AVj4LzpvYvRmXP7op/YHwWPktludy59nk3dEPzl0E7lz3O+ssQ/OTfuQv2sk5XOzRBW9RIdyqcti1GFZVO8eKb7FHosqLqBSpweZd4KLQn5MKZN807wWL6NvKOLY0+2YqwH6X2KM4iyVmF+zmitH5w+Ch89osdvR1qRGq96k5b1zHQfrfsUOpddTcs/4koP1n2LeC4ObK+T0DB803wSajqFKg+ab4JFR1CtX0YLs5PmvXNNN7lusNF6RvgsJmk/2sp/ct7hn4MxD9gL3kx8XyLvBYLAgG5vrR3rokg+QPgudYS7ZzjW+Kwxe82m/tOgSgGMJykaA1RZZbMCl0mrArkuSI9D03zZ8F5+zbrnSuP5zfgvQFRfmzbsXn7NJvnGvJ+kPgpgv9T+hX7P6kVqNJadEa0EJfuXofBBbB6Yfox8F54dw8V6IwfTCqf2B8E12TLoRjX93TeyVwvKrf7SRH88rueNm2HTeyVw7KpH9IovaKa7YvCNzm/wDuz3pnLz9mmit9EJ3Nx/q1Q8Bd97Q+yqQjXsmu0JMkm24Jht9lEHHaWagrL3ETMTrYHUD8wrNcl+j6vxC0GYTfBqj2Cs9yZ9F9V4haLojydREltEHuLgojpC1ycEhdpZcOaUtxrFIXTgCQ33p57buuFGsWu2rpx0xtoFzy7spHMOVBwjr6O502SsKKxjAbLX8qsm1W0Y/NK56Lr0NPFPGrMck2pcEszbTyU2ZLyt8UhgJKIgiYX7Vs0Zps1dGfkG+CkXUSkP3u3wUi652diF3UasdaByduole60BQgZVQnUqSN6hwOF1LB3JsSHHdRdsyeLZYov1Y+C4k89Art2UR/Zqi/VD4Jw7Fk6LlNcSnk0d5WhiMv3qZEbRBRH71KiF47LLJ0UhYs4qgz222R8U/VD+ILQRsLSqHP5tkbFP1bf42rFId8nD29UeCUkDqjwSlszWw7pJKNJKAG5z8g/wAF6Own+4aL/LR/whecKj5h/gvR2E/3BRf5aP8AhC0xmOXwcn5TTetp/wBpc/iPyi33Kafv2D3rn8J+VT8CRc0J++o10rII2qXE/wDMN/hXMqI2qWLpnJ477xxM/wDED+FSNs2hbYI2jRNxudJGHbkuNpvruXJLsoN1+CDbgWKWRZJGrkrGRqltwm4YbhTnxbSUyIMbZVyIiRiRj+iuW8rkj/ujhgcPxElv3guwxNbdck5Z7DFMJA/ISfxBGOP3Jj3c0T+R9/8AVeODjzjP4CtRG6V0nRFwstyPNvhWNHtmYP8AQt3TQbB3K8vSJ7ZXzFzLF4TO09wvGCbb1bVVPzoAR01KImOBCxGUMuIAQPY8WI0N1lsOxBtHjEr72a4rUYpSEl5DFz6r+TxLZ71riinaIk2jfTY1tsaYtO9RYZJKioEkl9TvKZwiKOZrA/sVvVtjjDWRDXgApkkuEXy1ZleU97f6OUTAdTU38mlc1adFv+UmOVmC0BkBF6g2/dXPWHRb4l9g0PBHvCQDolbgrGGECk3QQIBOiSjKSSmAHahNyfNO8Eu6RLrE7wQIyL/nT4pxJfG4yOIadCiuV0s5UxbB0U08ap5h6KZfvQaXwG1LTlPTPm3BW9NgznWLgs5SUezSEZS6KZsbnbgn46OR3BamDBWgDoqW3Dmst0VhLUJdHVDTN9mZgwt7juVzR4GX2u1XdLSMuOir2kpWgDorkyalnXDTRRT0mANAHRV3BgrGtHQCtIIRpop7GADcuSeRs6IxUeikbhLA4dFOvw1uz1VchgvuRSNFtyztmm4iUWHN2R0VPFAxvqhPUlg0JyplEbSU9jZjLM06Ib6eNg3BVtXLBE03ICrMdzG2kDgDqufYpmepqXFrCQFrj0spky1UYLk0+LY5TQggOF1j63G3Tkhg0VPJK+Vxc9xJ70V16WPSxgcGXWTn1wHK90pu4pkN1Tt0kb10pUcjdjjBojIRttZE4oCwM3p9pTDd6eakykO8E04apy+iSdSpKHIk9a4SI2qQ1qVDTG44XPkaAOK6BlzCS+Npc1ZvCadskzbhdRwSBjIm2AXLnlxR1YF5FNwdmxq0KKcJYya+yFqLNDVClA5xeblR3YpuxmlomNA0Cs4qVo4JuGwAU2MqccUTlnIUynbbclOgbbcnWnRBzhZdagqOPe7GYoW7W5ShG0DcozH2epAfoqjFCm2NTtaGlUlXshxVxUv6JWarnu296wzK3SOjTuuRmdzQ1MwFrn8E1MXOG9Jpmlr96yWM6vURpKRjdkKe1jVXUZOyNVOBNlrHHwcuSdsdsAE1LO1jTqkPLrb1X1TJHtIBVbSUQMVxmOBjruC51jWYpah7mRGw7VpsYwuWYOO2sJiVKaZ5DtV1YMcPJllyTSpFfI9z3FziSSmijMgSC9dtHG2JKdg6yZvdPw2BuhoEWkQFgluAsmIpG2tdW+H0Hpbhrosm0uzRJvgrWQPkdZrSVLjweeSxLCtzhuBQMaCWglXTcNiAFmLnlqEujeOB+THYNlxxLS5n1LcUOCtjYOip9FSRsAs1XEUbQNyjmfY21DhECmw1reCsG0oaNyebYJe0FccaRjLLJkV8AtuVfNTN272VtI4WVfUSAFROKLxyYhsDQ3cqbGXshhcdFZvqmtZvWMzPiPyTgCpjC3Rbk1yUE2NmGV+zrqq2rx2rmuGuLQoDnOkcbNcdexAUtQ/dC8+5diwwXZzvNkfQy98krrveXHvRtjU2HDKlzheJwCvqLAmuALwqlkhEI4pzM01h7ETrtW5GCQMZ1QqHGKWKFp2QAs1nTdGr07SszzpFGkddOvGqbLQtrMdrGm71KiCaAaOKda9o4pWNRJbXWCi1Ru1OCQdqalcCEITQugHSVsDoquj0KsNsW3oXYpe0RK7RV8x1UyV2m9QZStDFkdyi1B6KkvKh1DtFSXJL6II+cVrSDQKpB+UVnTSgWVSRnBlmeovRmXf7pg9gLzfzrXN3r0fl118Ig9gLBqma3Zbu3LnmdPwiId66E42aucZyla6sjbfij9yB+1lnl38DHgrOaPaVTlx16VovwV8WXCcuwj0O0Ys0KTUOIhdbsTUDbBKqTaI+CwldG0e0cJzFIf6TVt/p/YoIl0UvM5tmat9sfBVYemo8Irdyx2R11Z5Z/wASUH6z7FTlyt8sG+ZaH2/sVpGcnZ6Cg+Zb4JFR1ClwfMt8E1VGzCrfRC7OT5mN83Qe5b7DjanZ4LneYJQ7OEeu4hb+gd97sRL2CXvLaSQcyR3Lm+Gu/tbWO/OW7nl2YjrwWAwZ23maqP5yxxe41ye03UjrtAVvRi0YVORctVzS6MC0l2Quhyf5s+C8+5qH9sa+30h8F6AqT8m7wXn/ADMb5urT+cPgoj/E/oU/Z/UhBHdEEa0AS7h4heisI/uun9gfBedncPEL0ThX92QewPghdkyGMd0w2b2CuGZVP9oI/aK7hmF2zhc5/MPwXDMqO/r1h7yqj5Jfg3mbT/VwChYCfvaLwUjNTr0QHco+AfgsfgqXQmatnUSHaOTjdWItnipGVmP64PP7BVByb9ap8QtFjo/qif2Ss9ybjpVXiE/AvJ0LQyi6feQxt01sEm4SHuJcAVwZYtys3QvnHPPcpscbdkXChxNu5S2uLQAsJjSZyrlgiayqw14Grmvv9S5oHALpHK/JtVWHN7A8/BcyvqvR038JHNm9xMgla12qEj2vmaWqHdLiPyjfFbNEJ+DWUh+92oTVAiOqFJ+DtUWvBJC5/J23wShOC26j1rTJTkjsUZ7i1rQpc34GfBOuRXZSQEh1lNbfRQ6frqdcXCJDj0HIfkyu45RdfLVFu+ab8FwyU9Bdyyf/AIbo/wBUPgiBOQvOCZdvKfKjvPSWhkIcFMg6iiOUuHqKJDHL3NlmeUIH+g+Im+4M/jatM3rFZnlENsjYjrv5sf6wsaH5OJ30HgjBSBuHgjWrNULukkoXRFADVQfkH+C9IYV/cFF/lo/4QvN1QfkHL0hhX9wUX+Wj/hCuBlk7OR8ph+/ovesBBrMV0DlFhkqMUijjF3G9gufU5tOQVS6JLulgcA2e42Q7ZtxXSOTfpUOKD/iG/wAK5jSzPL9jaOxe5Heum8mN3UWJ/wCYb/CkNm5jaA0AJ0CyNrLBLDVzOHJVjeykhlnJ/ZRbKNgWJSXbk5slEWFPYxWNNJC4/wAsshONYWw8KZx83/8AZdmDCuL8swtmLDB/wp/jKcIVJMbZfcjTScDxZ3bVNH+gLoYZYLA8jTf7NYk7tq/+kLoQBtuVyjZKfI2W3RtbZL2SjLSsnjKsjzU7JGEEb1x/H6bZzaKaP1yLBdknJZC5w4BcdbVen8pTNoaMNreCeODjJv8AApc0joGEYO2npm7TbutvKBia3EgTuZwKu2ytawMaLm2gVbXQGnY6pdvGqya8mhiuV57Tg2GbOv3y7+BcpiftaW4Ld8pOLCuosPiYx/NNmcRIRYE7OoCwjOC6oe0i+R+yUkapQ3KigxojRIIAJxSTuRkokCCSXbkpJJTAixU7Gh12jUlUuIxNiqCGjQrQlZ3EJedqndgNlpC2zHJSROpcFmlAvop8eVy4jaJUmnxWNg02fNTo8Zjvq5q5Z5sng9LHpcXli6HLrY7aq/psIjaBcqnZjkLfXHmnRmKBo+cHmuScssjsjixRRo2YdEBvCS/DYyqFuaqZu9480HZupwdD9ayccr8Gq9NeTR0+GRtKtYKSNtliWZviCcGc4x2qfTn8A3H5OgQ08faprKeLtXOYs6MJAG0pzc5xtbqXeSWyS8EON9SN6IIe5NTQxWWGdnePgH+SbdnMu3RyH9lPbL/aTsr9xvYGMHFFVQNlaRdYSPN019IJfJS25qlcNaWY+5P70uifTi3dkuvyvS1hJkF79pVDPkKheTbT3q2/pHI4fgc/1JVLjMlXUiFtHKCeJITWTLHor0sb7MRjOSRRUr5oXk7IvZYqxC7hjrJfuZMDC65afguJGkry4/eU+/8AJlehpMspxe5nBq8MYNbUI1RhL9BxD/0VR/7ZQ9Drxvoqgf8ALK67Xycm1/AVyhcpuVlTCLy08rB2uYQmxOmuSXSJTQbqQ0KFFPdwCkc+GnVLaO6JGwSjbCbpdOedA2RclWdPhFZUEc3Foe1RKUY9msIORGgpy7crGHCZpbWBV3hWVa0vBlDQFt6DLzY2C7fqXHkz17TsjghX3GMwrBJ43gm63eGQviYAVZ0+Ext9UK0hoGAWsuWUsk2ap44Irts7Nkw5j3PuAVoRh7OxLFAzsUPT5JCWphEo42vHAqXHcbwrQUDOxKFEwcFUdNNGctTBkEO0SHOKs/RGAJmSnYFq8c0ZrJFsrNsB29L9JAG9M1bA0nZKpqqrfCCbErneRxdHVDFGastKquY1p1WTxLFg2Q2HFFLXyz3AaQq58O3MDJuukt8nbNksUI0nySWVcswu1hshJVTQN2iw2CuqCKnEY6qRivo7aVxu3cnvp0LYVFPm+GE7L32IU0Z2pfyrfNcixp7X4hII3aX4FVwY76bvNehHT2rs8+eapVR212c6Uj5weajy5xpbfODzXHA1/wCUd5obLvpnzT+lXyT9R+Dplbm6B7SGuBWOxPERWPJBVKGa9Yp1sY7VpHCo9EyzOXYrRDZTjWtTgDVZFoZDU4GpxrWlTIKQPSZSY1SU5lla2/FdGwHD4Yo23IuqPBsHjlkF1u6HBmxsBBXDqJN8I7MG1cyLCnjiY0WspbebJ3hVlRTuhb0XFQ6epnExBYSBxXDuce0daxqatM1sAjHYpQewcVnoquTQbBUkTzEfNu8lvHUJLo5Z6d32XW23tR7be1UJq5h+Lf5JuTEnsGrXD3KvqkT9JJ9F7I9gG9UtfUsF9VEdiUkgs0FVlY2qmuRos8mbd0bYtPtf3D75ucNgUy/CmT9J7b+Kaoo5GP8AlDqrKesZBDcm1lMJM0nFJ0itbg1Mx3Ub5KSKCmYOq3yVfTZgpJ6/mTK24O6608fo0rARslaXLyQ6XRSSspo236IVc/EaaF1g8K2x5lPHQyO0Gi5DNiLRO8GS9ieK3w495jkzOB0CfHoAwgOBWYxOsdVOJGgVO3E4gOsEHYlE7iumOBRdnPLPKSoYnEgOijETncpoqoXHUhSYpqbiQtqRg5MqRDUHgVKp6GaQi91aNqaQcQpEOI0cZ6wRwFsbp8Dke0b1I/o1K7cVNhzBSR+sFLZmmiG9zVO4KkyDS5Vlvq4q6pMote8B+oQhzZQN1L2hPszvQRvHyjbLKUzSMJGhpcm4a2IbdMxx7SFCxPIOG1bC1jOZd9KPQhFDyh4UGgOlAVzQZpwvEBeOdvvWEmo82dC3yVNGTZyS0zxridSP2WpMnI5TPGmLVA/5bVvzjuGRjpVcTfFyR/SbBxvxCD95NZ3/ALjF4f8A6nN5ORKHUtxqoB74W/zWJzXlCtyjUQiWdtRTzXDJWjZNxvBC9D/dWifDzgmaWWvcLjPKlmrDcaNPQYe90rqeUvkk2bAG1rC/iujBmnOaV2jDNhjGDbVMwDKlw4r0xk+vZPgVM7aGsY+C8wAaLb4DniqwiiZT825waLAgrrywbqjkxzS7O+YhiUcELiXBcuxl1XimLNdCRsA8Vma7PVXWmxDmtUzB82UsMgNQHDvss1Bx5ZUpqXB0PAqSrp4W3LTotAH1AbbYafesvQZ4wLYAdVtae/RWjM5YC4aV8PvcFLl8mkYrwy5ZUTNHzI81FxCvqGU7i2nvYfSUM5vwL/8AcIP3gq/Es54D6K8DEIS624OUun4K5Xk5BjlfJNjlXJMzYeX9W+5QRVhM4zWR1eK1E8Rux7rgqBtrdQVHP6jstvSx2q5yrVD+ktESdNv7FkA89qm4bWOo66KobvY66NioPUd8nqunlb6O034KpxnE2U8DyDc23BYCk5RqUUrWvkLXW3FTcLzFS4rWX5wOAO4lZbX5NlOPhmOrZ8QqcyCq+59XzQOjuaNl0SgxaJlM0Sh7CBucwj7FoqaWEtFmtU0Sst1Qm5JqhKLTsyNfj1GIHbMwJtuWPy/iVOzGZ5ZpWsDnabRsuv3iO+NvkkmGmdvgiPiwJRUYlScmqKBmK0B2T6XD++FdUuJ0TmjZqYj4PCcNHROHSpac+MTf5Jp2EYW/rUFKf+S3+SGkwTaFVlbA2nc7nWWt2rz/AJgq45szVckbg5pdvBXeajBMHfE5r8Ppy0jdsLgmd8MpMGzLJFQt2IXtDwwG+yb2Nu5KEFubFOdRQwJm9qVzre1UfPu7UfpD+1a7CPVLsytJbrxHxXo3CTfC4PYHwXlYVLtpuvEL05glXGcGp3Fw+bHwUSjtZSluGM2TCLBakk2+TPwXDsqTNGLscTxXT88VlVXYdNRYdHzs8jS0C9re9c7wnk/zXBKyZlNACPpTD+ScFwxSfRqMy1TX01geCPAZAaWMXUKqybm6qjIdTU5PdOP5KJSZWzvh7tllExwG4CUFUlwKzo0RGwNU5cdqxAGe4RZ2Cud7LgftRHEM5RdfL1QfAXU7StxpsdA+5M/sFZ3k261V4hQMQxfMs9I+GXAKxm0LX5slU2B4pjWX5nuZhVU8O3tMLv5J06Fu5s7kxvRuokjC6XRc7/2l4gwWlwapb23Y7+Sci5UIGfP0M7T3tWEscn4Nd8fk6LBdrtVOZHtNuuXv5UaFw6ET2nvUmDlXomRhroiXeK55aeTfRSnGuys5XICMSoDwLHfELmcrNl2i1edM2szFXQSMZsMiaQPesxzrHOuSuvDFwgkzHI1Jkex7EuL51viny6MDeEy2RnPDXitbszqjV0n4O1HK0O3hNUUrXQgAqQbLmfZ2rorZwdttgpc5+9D4J0saTqAo9fIGUxTE+Cni65Ulp1UCKZu0dU8KhoO9NoSkqJch6K7pk/8Aw5Safix8FwLn2uG9d6ybKH5epbfkx8E0qJk7L9yjSddSHnVRZD00yQyp1OPkwq++isqcfJhJoTFbPSWX5RmA5Hrz2GO374WqA6SzHKKP7CYl4M/jaooE+Thw3DwQukbWgR7So2F3REpN0RKBiKk/IO8F6Qwk3y/Q/wCWj/hC82VJ+QevSGDH+ztAf+GZ/CFUTHJ2co5Qqo0mKxSjUi65vA+8pK33Ki61bH4lc6gd01rFcEN8l7RO+UXWeSoA4did9/pA/hXIKB15F1vkrcTRYoBwnb/CoYzotghokta4hGWlOgD0Q0SdkoWKKAXohom7FCzkwHNFxPlpdfMmGgcKT/rK7SGlcQ5Zif6VUTb7qNv8TkmCNXyMj+ylce2sP8IXRgBbcudcjgtk6rd21bv4Qt6HPshMCRYIjZM3fZF0ylYC5WgxOHcuKNYIOVB4GgJuuyTF4ice5cLnqHu5RHknpbdrhTXLH8HcKVjdgP42UHFAa2ZtK35u939/cnqFpkpW9M6hTIaRrD2ntWe0ts5Tyv08dNhuCtY0D5eT+ELmDXWIXVuW0htHgoH5aU/6QuSM6TrXWqXBKfJNa4HclXTLBsnenCUFiroiUglHfRFAAlFdEUSBCrpJRA6lE5MAidFmJxeok9orSkrNSm88h/OPxWmMxy+C1hw5zxoFOiwV7uBUemxmBgHSarWDMlO0dZi5Zbz0IuAUWX3O4FS48sbW8J2PNFKBcyMCkR5to76ytWLeQ1W0THlFjt7VLjydDxYnIs20NtZ2p3+mNAB8+zzWLlkNUoi2ZRpxvYE+zKlIDqwKC/O9C0aTAqvm5QaWN2jr+CSjll0mDlCPbRrqbKtJ+TapgyrS/kwsXTcplIw9IuU5vKfQn1neSbx5fKYt8H1JGrZlajG+Jqksy5RNHzbVi3cpdM7qB58AiHKEZOpDMf2UtmTyguPybpuDUUfqN8k+ygoWjVrVzubO1W9h5ullJ79FVSZszI9x5uma0cLklJY5Mq0jr4paEN6jfJMQwUsVcHtAHuXJRmLNb9BG0e4ofdXNr+k0AH2UPE/lf3Gpfh/2OxV3o8zC0kG6rI8PpQeo1cyhqc5yvBuD4tVk2HOrtdpg9ylwryiovjpnQfQaT6LfJD0GkceozyXOzQ53kP4Q1v7KnYdg2b21TJZq5pYDq3Z3qXFL9yHb+H/3+pr6/DKM0rw+GMgjW4XnrGIo6bGKuGKwjZKQ0DgF23HKXMU9EIqWaNj+JLbrnUnJtjk0z5JJWOe83JsdSu3RTjFNyZw6yMpUkjHRO6YTk79AtjHyYYve/OsH7KVJyX4u/wDHM/dXd6sL7OL0510ZfDq9sUjdo6LoGEZioY427UjQe8qi/wBlWMcJmeSZn5MMahYX7bCB2XWWSOLJ+41x5MuNe06RT5uw9thzzB71ZRZzw4DWoj/eXn+tweroJTHKCCEwykncQLu81n9Gu1It63w4no5uecMbvqo/3lLp884Y4j76j/eXn2gyzVVrhZ5F1r8L5Oi4tdNK89wKyyYY4/3f4NceX1P2f5OzxZuoJBpUMP7SeGaaEn59n7wWEosj0cUYBDj4lWcOTqEH5oFcL1GROkdf0+GrZrW5noTuqGfvBOtzDSP6srT4FZ6DKVC2x5kKxhy/SxdWIBWs2d+DKWLTryWL8ahto66r6jFnOPQuVKbhkTfVCV6DG31QlJ55dij6MeiBG984u5Rqula4EWVzzDWDQBNvjZxssnGXk1jkjfBmfQtCGsJ8Aspm2tdg9I6V7HgcDZdTgjjLuCi47g9LXUT45omvYRqCFrjck7fRE3Fulwzzo3PGJMJ2HEDhdMVWcMTqmFr5SAUvNODQ4TjcsEA+SOrR2dypCwdi9aEMUkpJHnyyZYtxcgzWuLi51yTvKcbWg9qiPGqOIDa1W9Iwt2WLZy7cCjMjuAKXTiOwvZWEUUJGpCzbo0VFUHSX0BTgdN2K4EUA7EsCnHYluHSKgCc8CnGxzngVbh9OOxKFTTt7ErHaK+Cnm2txV3S007gLBMNxGnZ9FSI8dgj3OaokrKizX5fopWPDnu+tbunLtgAELlFJm2KMizwr2lzrCALvK4syo7MVtHQTTh+rjdKZRxtO4LHMzvBb1j7k4M6xndHIf2Subcvg29OZt4aZm1uViyFgb1QsHR5vbI8DmZv3StDBjXOsBDXe8LWGfHHsxyYMj6LWaNg4BU1expaQAnJcQc7gVXVVaOJWGbLCXtNcGKcXbFQQtvuT8kTQ3cocWIQtbcvHmqnF8zQ0zCA8XThG0XNuyZNJHHLvAVBmDEY2UjwH62WZrszTSOc5ptdZysxOepcdt5IXVi077ZhkzpdFXVGoFa6eGVzH3uCCp9Pm7MFIwNbVlwH0gob3XUSSQArv2KSpo4HNx5TLKuzbjddEY5pyWnsVGZJibm909zgRc41XGKj0iZTcu2MGWQb7p+Fz39qafI0lS6R7AReyprghS5FiOS2l0oRzncSp8ckJG8KXEYe0LNmyaKcQVLvpJQoqt24OWkiNP2tU+mdTbYuWqHKi0kZWHA8SnIDI3FXNFkDGKsi52B3roWDeg2bd7AthSPo2tFpG+5cc9TK6R1LDFK+zmNDyUzOsamsf4NC0VHyV4ZGAZOckP5zlvo56Yes3zT7aynHrt81Ck5e6RLnJcRiZKDk7wWK33m027dVa0uVMNpbc3TMb4BXPptN+Ub5ojiFK3fK3zQ44/LJ9TN4RH/o/h7h0qeM+LUbcu4YDf0SL90J/7rUbd87PNF92KL/1Ef7ytLD+CG8/5Ffc2mazZEbQOyyz+M5DwHGSXVVEwyflGdF3mFeuxei/9RH+8ExJjVA3fVRD9oIuCdxYtuR8SRzur5GsPJcaSuqYjwDrOAWcxDkzxSgJ5qeKZveC0/auxnHcODbmrhA9sKhxPN2CNkELsQg2jw2wtlqJ+HZP08X7lRyGfLWKUgvJRuLRxYdpQOaDTYixXYqnEqCSnLmTxubbfdcnxyrhkxWUwEW42W2PNKbpmWXBGCtDAaECzuTbJe9Oc53rXkxpDEjLBQ5D3qfK64UN0ZJVIUokU70VlKEFynG0u1wVWRsIGqeifbgpfoR7EYoj2IbBQG9ou3p2KR8LtqOR7HdrXEJxtIUsUZUWaKCJEePYvEPk8UrGeEpT7c2ZjZ1ccrPe4H4hQPRCgaRyVlbS2bnbM7N2NTHxYw/YnG59zU3di5PjCz+SpPRnIvRnJcBtNC3lGzWz/wAxid7VO1SGcqOaGb5qR3jB/wB1lDA5IdA4BPgKZqKrlRzPNGWc/Sxg8WQa/WSsfWV1TX1T6mrmdNM/e5yRKwgprZK0ikujCTb4F7SIvRbCItTJpg29Vs6PlAqaWibB0uiLLGBhSg09iTplK10dBwPPNKKwvrZSwE7yCuh0PKBlksG1isDSPpEj7F59DT2JQDlLSLTZ6ap845dqW7TMXo7d8wHxUgZlwLbDfutRXO75dv8ANeXrO7LoWP0R5JbfyVf4PVceMYXI6zMQpHHsE7T9qlR1MEvzcrHey4FeSbEfi2+SUyeWM9AvZ7LiPgin8hf4PXG022/TwSRzRfwv4LyizFsQj6lbVs9md4+1SI8xYzCbx4tiDT3VDv5pUw4PU5bEd4afEJl9NSP60ETvFgK81x53zNF1cdrv2nh3xCkx8o+bIt2NSu9uNh+xG1haPQj8HwuTr0FK7xhb/JR35ZwKTrYTRH/kN/kuGx8qubI7XroH+3Tt+xS4uWHM7OuMPk8YCPg5Lawsn8rmB4VhTqCWgp46eWQuD2RiwI7bLl91cZlzLiGZ8QFZXmMOa3ZayIENaO4EqluriqXJnLsVdFdFdC6ZJb4dXc30XFWZxOMDrLLNJuje8g71nKCbN45GkaYYnHfrKBiWICVmw071TNe4neUCddUKCQSyNqhYcQd6PbJO9NIwdVdGVkuN/eu+ZEqG/wBH6bXcwLh+FYFieLSNZR0r339YkNb5ldjylgWLYfQR01WImOA3NfdZzXwaY/ybGarY1w1AVfNiMIqOb2xfxRYlleqxClLI68wSEaOa29llXcmGO8+ZG5iBJ4mM/wA1CTNbiat+IQxtuXjzTkeasPijDXON+5Yup5Ns1PjLGY7A7sJa4KoPJVnQOuMZpT+04fYntYrR0+PNeHOcdpzmi2+yzPKNmaglybU08Eu3LLJG21uG1c/BZWTk8z3ALMxOjk/5hHxCzOZ8vZnwSkhkxp0bqeSTZY6OQOG1a+vHckou+WJyjXCKoVrCAlCrZ2qrBR3Wu1ErJItvSGEdZJ59vaqy6IXPFTsRXqssKiZvMu1XpTCH2y1QH/hmfwheW5D8mdV6NoMUhhydRuMgu2naD5IaoTluZyflMq+dxZjQdBdYaF3TVxnGu9KxRz73FyqGCOoldaGCWQ9jGF3wWqVIzb5LzDZmNqRtmwXReTzNGF4K/EYK+pEImka5jiDY2FiuVtw/FxqMMrf/AGH/AMk56PizN+GVY/5D/wCSlxKTPSMeectOFhi9OPEkKQzOGXpOri9If+YF5nLsRZ1sPqR4wu/kkOrKhnXo5B4sI+xKmVaPUIzLgjt2KUn/ALoTrMbwuXqYhTO8JW/zXlZ+J6G8FvEI4cRp/wAbEL8LI+4PtPVza6kf1amE+DwnRNG7dIw+Dl5NmxCEuHNbbR4pcdc8aipnb4Pd/NK2OkesgQuE8skjX5yha03LKNgcOw3cViBilW3q4jVN/wCa7+aZlndUSmSaodK873PcST7yiw2nb+R4j+hlRr/vb7+QW/BbYaheWqLHcQwuN8NFilVTxPN3MikLWk9tlYx53zBG0BuPVdu94PxCXI9qPS2iMWXm8Z/zI1tvu5MR3tYfsUmLlKzPGLDFGv8AahaUW/gNv5PQFYQ2mkN+C4FTwSVXKA9wuQJCbo5uU3Ms0JidVUxBFj8gP5qkpMyYpR1npUTqQy7+lGSPilyLaejsPiDKdvgpgXDqblZzHG0NdSYbIB+Y5v8A1KczlexkG7sJoT4SOCVDJfLe61NgoO7nZT/pauPPn5ostrdabPmdKzNJom1NJDTCn2i0RPLr3tvv4LFveXWvwWsY8Gcp06Lbn3PLS3Qdqf2yVRtqJG7inBXSjsRsGsq8lsXkJXOCyp/TpD2IvS3lGxh6qLcyhFzip+fe4gA71KLZGAXdvRtBZLJvOAbykSTt2TZwUGqY8RXaTcb1WmR30imoWKWSuCa/EJGOLdHKuJu4ntKUdUkrVKjBybIAjceCeZSSv3NV79zWstorGlo2dgWEs9Lg78el3Pkyww6a19lMy074j0gt6aeIM3BZ7FoWAmynHqHJ0aZtGoRtGdsUYa5zgBqSnubCOItiqGOduBXVZwKPPJYUeXq+raDHESCrWHIWKy26AAW7ynVUMtPGQ5p01XQKY0bmCxavNlq520ektLjq+zjdJyZVr7c4+3gFf0fJg1oG2SV1Nj6Zo4JYqadv/wCVlLNOXbLUIR6iYOm5PKaMatVvT5KpIwPkx5LTenQDiPNJOJwDiPNZNJ9s0U5LpFVHlWkb+Lb5J9uXKVu6NvkpTsZgb6zfNMux+nb+Mb5qHGBSnkDbgVO31An24PABbYCguzNSt3yM80y/N9EwXMzPNTtgVuyF5BhcDD1ArBtHEG9ULBTcpOE0z9l9Q2/dqkDlXwYDWf6lrHFxxExnN3yzoHokQPVCMU8bTuC5pUcr2Es6jy7wCr38sVHc7LXH3K1gk/2mfqLzI62+KHiGphwpWby1ccqeVuOXqBw9yrJeUsvPrrSOCfwS8kfk7i6ejb6zU06sox6zVwp/KG924SKO/Pkztwf5q/QkR6sTvJxGhbvc1RKzF6DmnN2m7u1cJdnOpdwd5po5tqXeqfNV6EherE3OKYJDi1WZAQ0cFDdlGCEbW2FlWZyqo9zSikzlVyb7+a025VwibxPs2mGtiw+cNcQW9q11PjmHQsG1I0Lib8yTv4FMPx6pO4FRPTufZcNRGHCO9jM+HNF+dbZMuz3hFO+z5mhcEkxyrcLXIUGSrmkddxJUR0KvljlrY1wj0zTZ8wqdl2VEZHinH56wxm+pi/eXmZlfUsbZpICJ09VNvLyt1p6MXni/B6Sfyh4S0a1cI/aUSblNwaMa1cXuK86mOY+o9JMUv0HKvQXyT634O61XKzhbb7E214BVM/K1TG+w15/ZXIW08zvUcnW0U5HVKl6bG+y1qJLpHUI+VxsUlxDI4J+q5ZmzUxjZRS7RG8kLlgw+Y8CltwyXsKX0uIr6nI/gmYlismLVj6mWwc7h2KvksNylMwyXscnPuVKR1StkkuEYttu2VDjqkbVird2DSn1SmXYLPwa5WmiHGRXioe3cSlivmHrFOy4ZUxgnmyR4KE5haSCLFWlFkPciT90ZvpFF90ZvpFRCiT2R+Cd8iWcQmPrFAVU8hsCT4KGtpkWPDpK5javY2uG0s8rWOO6jTCnkntsqqHA8XxFw5mnlIPEiwWtw3k1xKazp7t7l2TCqXD2xN5oR2twV42OnaNNlee8859cHd6ccfizleH8mrI7c5claKlyLSRgXjC2m3C3sSXVUTeIWMoJ9s1WaS6RQw5Uo4/xTfJTGZfpGbom+SmuxCIcR5piTFYmjrDzUPFAr1srDZhVOzdG3yTvo8cY0ACq5swRMvZw81V1GZhY7Lh5pejF9IPUn5ZoJ+bAN7LI5hqWxxO5t1j3KvrsekkNhPYdxVVLVxTG8koce8q4aVXbB6lxVIrZq6sdcCVwCrJmTym73uce9X3PUY3liI1dCOLV2qEV0jklOT7Zmn00h7UyaF5O4+S1JrqEcWJP3SoBxYqIdsy5w55G4+SiT4XJwafJbI4pQ9rEh2J0JG9ipOiWrMC/D5gdGO8k26hqAOo7yW6NdQl29ielqKF8JA2Nyr1KEsVnMpWOY6x0KNu1bQlTsYDPSzsWtdNwRbUd1tfFnPX3URuelaesUsVUw3SFJlFpCAumZU5OKHEqOOorZJHueAdlrtkDyWWXJHGrkbYsUsjdeDm/plR+UcnYZ62eURxPkc87g1d5g5KsAYARRB3tElW9FkDCKJ23BSRsPaGrmlqlX2xOiOn5+6RxfDsq5krWtcJpIWniXFarDck47EQXY7UtPY0/zXXIMEjjADbAeClMwlo4/UuKctRPwjsi9Pj67/mzmzMp4sQA/Ha0+DgPsSzkmql+dxWvd/wA8j4LpYw0Dih6DbisvRzFvVQfg59DkkxtA9OqyO+ZybnyMyQEmrqf/AHXfzW7qWGK9lWyTzOJDQksGW+w+pRgqjIoZuq6j3yH+arKnKPMtJFTMT7ZXR30dXP64ATRy4+b5yUm66IYcnlmctTHwjjNZhFXHIWslmP7ZTEWAV0zhtOkt3uK7jHlClvd+vip8GWKGK3QauyKSRyyyNnFWZPqamMMBkVhR8lxlcDJtrtkOE0kQFmtUxkEDNwarTroyk93Zyqm5MGCLYM0oHZtFGeSOlJuJ5Qe4rrAMY7ENuIcQi/yLj4OTO5JmtHQrZR4gFQ5eSyrbfm62/tMXZTLFbeE3twk72+alya8jS/BxCXkyxhvUmhd7iFXz5AzBBcinZIPzXr0B8keISXCEjUhL1GvI9i+DzXUYJitETz9BM23ENuPqUdsvNGz2Oae8EL0jLTUsnWa0pgYdhxNzTwk97Qoeoor0Tz42piITzHxv3EL0H6LRBthDDbs2QsNnnD8Lp6T0hkcMUl97QBdNahN1Q/RdWjnYYEZaBwRtrKUes1GaymPrBbWZ0N6DgiJCUKmmPrNRmanI0cErHQySECQmZZmB2hCSKhvamIdNkh1iNyHPM7Ukyt7UAQ5oCXaBMmncrAvaUklqq2Q4orzC5FzR7FP6KKzUWLaiDzZ7EewRwU6zUktaix7SIAexGAVI2WpWy1FjojjwQ9ykbLUNhqQ6IxRKTsNQMbUWFEVHopHNNuj5ptkARjbsREN7FJMQRcwEWFEazUC1ikGAIuYCLCiHK0AaJjUKe+nuo0kJarTMpRGblC6BRJmY4zeifvRAoEApFroDTvRXRiyW2K6B1Y3eyAKdMJSRCi0LYzV5fzs7BWwsfSmVjNOi+xWzp+WTD42jbw2pDuNi0j4rkXNIcyFLplqMj0LQcr2V6mkbJPVvppdbxSROuPeAQrSm5SsozxB5xumjJ9WS7T8F5n5qyMRlFj2M9NP5SMoslbH926Z5dxZdwHibKRUZ8yrTU7pX47QuAHVjl2nHwA1Xl4MeNxQLZO1Fi2HoR/KjlN0rg7ErNA3iF5v9SwvKZnTBcw4VR0eFVDp3RzmR7jE5oA2SBvAvvXMHMek7L+xNJBK/gdDgj20wQ4cEBtdhVUZ8kjbRtdoo/SCMOKVAOyvsxX1PnCo+57aN7yGgWWakJLUiMEHcnxXIc3wdBy5XYJtmSulgEl/xm9dGwnHMuRSM2cQpGXOlnALz9tH6KK9/VU0ilZ6xbX4W+1q2kNxp8o1S45aFwGzNTnweF5EDnDcXjwcUsTzNPRnmHg8ooZ6/ayB3V5s+FijNNE7fCw/sryLHidfEehX1DfCQqUzMeNxizMYqwDw50opgeqn4bRP69JA7xjBUWXLuDS/OYVRu8YW/yXmyDPmaqZgZFj1UGjcC64HmpTOUzODDf7uSn2mMP2Iod/k7xU5GyvVC0uCUZ9mPZ+Chs5NspM2gMHise1zj9q40zlWzg3/zRjvap2H7FIh5Yc3RX2qiil9ulH2EJbWFnV5OTDKbz/dmz7MhChT8keWJD8nFUReEl1gY+W3MbfnKPDJP2Ht/6lJby54qB8pg1EfZmeP5pbWPca13I1lx8Vi6q2/pCRQpORHBi7oVVUB7Y/kqun5d3AAT4B746r+bVOi5dcNPzuDVjfZkY7+SdMVoTJyH4Za7a2sH7TT9ijP5DaQg7GKVgPe1pVvHy45dOyJKLEGX3kxtNvIqzj5YsmuA2qudntUz/wCSOQ4MVLyHvF+axeb9qAH4FQ5eRXFW/NYtGfahI+BXSWcrGSH78Xa32oZB9ifbym5Jfux6mHiHD4hFv5Dj4OQy8kGZY/m6ykf73N+xRXclucGmzIqd/hUAfFdtbyh5Mk3Zhw/3vt8QnW50yi/UZhwz/wDyGhK2HB5szFl3GMuywR4xAInStLo7PDgQDY7lRldO5ZscwvF8TwtuGV1PVtihftugeHhpLhYXHHRcwutYXXJjPsIoroykqiA0LpN0d0ALj+eZbtVs9rnyNAIFtdyqI3bMrXdhVrHNd9wCbjgpkawqg5JGugkI9UEEKhVvUWp6WQF13PKqCnAnI7AklKREKzM085ASY59lXX3AMm9xTzMqh3rOXnNxrlntRck7SM9NWEDeqasmMpIW9OTo5Bq9yb/oHTuPzknmnCeOLuxZfVmqo53zSiT9Fy6eeT2Fw0mlB8VjM0ZbnwOZri4yQu0DiNQe9dWPPCUqTOHJgnGNtFLS19TRv2qeZ8Z7jotFR5/xelADiyQDt0KyiC1nhhP3IyhmnD2s3Z5T8R2bCBoPtJh/KVi7uq1g96xaChaXEvBp9Vl+TWScoeNv3SNHgFFkzvjcn+9EeCzqCpafEv2kvUZX+4t5Mz4vJ1q2T3FMOxvEX9arl/eVeptBhk+IPtENL2um4Y4q2kCnlm6TYDiVY7rVMp/aSDVTv60rz4uWsoOT+qqbF8hAPYFqKDktp9DNtv8AErnlqcUejojpc0u3X9TlG248SnWQzydSOR3gCu70PJ3hsFrUzL9pF1fU+UaOIC0LB+yFjLWP9sTRaOK90zzrFguJzdSklPiFYU+TsZnItTEeK9Ex5fpY/Ub5KVHh1NHua3yWb1OZ9JItYdPHy2cEpuTbFpQC/ZarSDkrqTbnJvILt7YYWjRo8ksc2Do0KHPM+5Fr0V1E5DT8lTB13OKsI+S6kA1YSupNLOACXttHBQ1N9zZayRXUEczZyZUY/FJZ5MqI/il0nnmhDnmpbP8A7Mfqv/ac0/2Y0X5NEeTCi+gumc81EZW9qaS/3Cc5f7Tmn+zOjb6ibl5OKcDoxhdNMzOJSTNEj/8AsLc/9pyaTk6ab2YmDybng0eS66ZoeNkk1EDVak1+4l8/tOSjk7ezUNB9ykU+STC8F0QI7AF0uWup4wSbKpqsyUVOSC5oVRySvsiUOOjH1GUtodCABV0uUNjVwC1k2caMA21VJXZqimvsBaqc2ZuEUUbsBZGbWCT9yoxwCdlxcyG9wEya9p3uWqfyZO/AtuGxDeAnBQwjfZRTXxj1vrSo8QhJ1cPNDkkCi2TG0sA4BPspYeDL+5NwV9ILbTmq1pcZw2PrOZ9SxlnUfBtHTyl5I0eHh3Vgcf2VJZgsrxpSn3hWUeZ8LjHzkY94UhuccJZvnjHvCxeqfhGy0b8spnZWqJhb0Ya9pCoq3krr62fnIpI4Qd4Iutwc/YLGNamPzCafymYFH/vLPNJarL+1f4CWkh5f+TEM5F8Sfvr4h+x/3To5EK8j+9Yh/wAr/utTJyt4HH+MLvALW5ex9uP4cK2mY7mjuNk3qs65lx/Qz+mxPqn/AFOTu5D8S9XFYD4xH+ay2Y8h4zlRoqJi2SAH56IkWPeu9YhnfBMLq3UldiEUE7QCY33BsVic/wCd8CxLLVRSUdYypmlGy1rAdO9a4tTmlJJq0/wZZMGOKfNP+ZzPDM7Y5hdhHVGRg9WTVaOPlbxRrAHwNJ7nLnZ3oAXXbLT45ctHNHUZFxZ0V3KziTt0IH7Sjv5T8WfuY0e9YSxCW0Kfp8S8FrUZH5Ne/lExiTc5oUd+dsXk3zWWcDU4GpeljXgr1Mj8ls/M+Jyb5ymDjle7fM7zULZQ2U9sV4C5fJLOK1bt8hPvSDiNUfXKYsj2UcC5HDW1J9cpBqZz+Md5obKGyjgKYgyzH13eaSXyn13eae2UYjLtACUWG0j7Uv0neaG1L9J3mrCGjc99nNsEdZSiGO4CFLmgcOLK9gmfuc7zT7XTtFttykUUYc1Kkjs4quLM+UrKucuL+kbqdTD5FQ6kWkU+mHyIVvoyT5K2oJEpWvy5yjYhgcLYJIWzxt0BvYrIVPzpTYSyYo5FUkXjyyxu4s7XRctdHoKminZ3t1WjoOVzLdQQJKrmSfyjSF51AKNcz0kPDZ0fVN9pHq+hzrgFYRzWJUrr/pAtDFW08sYcyVjgeIcF4vDRvsFIZWVUTdmOqnY3sbK4D4oWnkumJ5YPx/k9g1WLUdK0mWojbbtcAqKoztg0N9uvpxb9IF5XknmlN5JZH+08n4pGzfgl9PJ9yEssV0j0Bi/Kbg0bi2OqY8/mm6o/9p+Hg6F58GrjYBupDG2Cr0IpdjWZt9HYByrUbRoyT91JPK5TDdFKf2VyhjLhKEOqn04mlyOqHleh4QS+ST/tfj4U8x9y5eIAlCAJbIj+46Y7lht1aWX6ky/lhmPVo5Pe4LnrKMyEBrST2AKxpstV9QLspn28Em4R7ZShOXSNTJyu4g4fJ0dvF6hS8qmOP6kUbfEkqC3JOKuFxCB4lRqvK+IUjdqSIW7lKyYW6sp4My5omv5ScxP3Sxt9xTH+0DMd7iqaP2VVuwqpaNYimfQ5trZEbr9gCqsb8Iisi8s0TOUrMjG25+M95Z/3Qdyk5lcNKiIeEf8A3VXSZdxGscAyncAeLlrcK5PHPs6qcT+aNFhklp4dpHRjx6iXmjOPz5mmZ3RrXA9jYwnIsczrV/N1lVY9gA+xdMocm0NK0Wgb7wrRmGQQts2NvuC5parGvbBHTHTv903/AEOL1WJ5tY4snxGtvxAk/kqaoqsQqXffNVPIR9N5K7hX4PSy7TnMBdbsXI8cp2w4tNGwCwK6dLnjkdbaZhq9PsjuUm0UhEgHWd5pcTHuGrj5qRKwBgS6dg2V3Wec1TIzmOb6x805BtX6x805MBZFBvKBD1z2lGHG+9Aokhi9o9pRbRvvRgI9lAB7RRF57UrZNtxRGNx3NPkmIQJCkukN96XzMnBjvJEaeUn5t3kgXIkSu7UYkd2ovR5vyZR8xL9AphyEZHdqAmcg6GT6JSdhw3go4DkXzzkfPOTV9UYRQWO885Hz5TSNKhjnPm+5D0g23JshGBoigF+kFGKhNEIw0IoBz0hKEwTOyLpYYLJUFsc54JqZwLUObCSY76IofJCcdUm6mGlBTbqQjcVdoy2sj3QJ0S/R33QMD7IFTGgTtKZGx1lGbE4OVnCAGC6mRcERyxyLm3KbYIwAoNCBsOR7LlNLQi2AgZDIcgA9TObCPmggZDu7sRXd2KaYwkmIIGRLnsQ17FK5sI+bCLCiGfBG0gcFKMIQ5gIsVERxBO5JsFL9HCHo4RYqIcgGwm2utwUySDRNiEJ2A2JB2JYkb2I+ZR8ylwO2Dbb2BEXMtuCHMoGFKkOwrx23BF8l2BDmNN6LmD2piCIiPBEGRFGYD2ojCe1MVfgDoo7aHVJbC22rtUOad2pJjei38ipfAToxewcg6AbN9sIi16Ih6dsVL4C5g9oRcw6+8JQ2xwQu4J2w2oadC4FAxvsnS5yG2exG5htQxsPvxQLH2T22exEX3G5G5htQwWOtuSSy3BSNtAWe4N7SnuJ2ojWsleqSrD7nxniUX3Nb9Mp7kS8bK26SSrM4W0tB5w6pEmGbAuJPqT3Ij05FcjulSx82bXum7qjNqg0/FVuiba1wo6JFAnQuaZ8zruPgE2jRJiAkOPQHfqlJBCAOixZsit+DlSG5vjH4gqdHlWjZvYpUeXKFv4sLwXkh+T6pRKtub28KdykR5qLjpTOVqzBaJm6FqlR4fSs3RtWcsi8ItJeRjD8YNQ8Aw7N+1ZnP4dU0MwEOrW6bIWzbDCw3a1oskV9LT1TCHBpuEsWRxmpCyQjKLivJ56fSzxt2nRPDe0hNWXZavAKeSFzQwajsXOMUyzW01Y8U9O6SIm42eC97Bqo5OHweDn0ksXK5KFC2qsRgOKHdRS+Salw2spvnqeRg7wujfH5OXZLyiJsobKeETjwKVzD+xFjpEYiytcGxh+FyX2A9t72UCSJzRchNJSipqmCk4O4nVsL5SqOINbNGWe5auhz/AIZUAbM7Aewrz8SgHkbiuWWij+10dC1T/cj07BmalkF2ytPgVLZjsTxcPC8ux19TF1J5G+DirOjzVilGCGTlw7HFZS0mVL7WmaRz4m/utHpL7sxfTCH3ZhvbbC87nO2KHe4eabOcMTJvtjzKy+m1D+DX1tOvLPSIxKMi4cFUY3m6jwWn56olDQTYLhbc9Y2xuy2ZoHeLqqxLGq7Fnh1ZOXhu4bgiGjzOX3vgctXhivsVs7UOVnCfy1kl/KzhfCYFcIT0FPLUEiNhdbuWr0GNctszjrpt0oo7Q/lZoB1Xk+5R38rlKB0ds+5csiwaqk/FlWMGVamXfosnptNHuX+TeObVS6gjcv5XmerFIUw/lefbo071nYsln13FSP6KU0Q6SzcdIvk1UdY/hFi/laqz1ad3mkf7WK3/ANM795VFRhtBTNN9m6oalsPO/JjRbY8OCfUTHJk1EO5L+xtDyrVp/wB2P7yQ7lUrydKf/UsQQ3sSdgX3LVaXD8GL1Ob5/wAI19TykYjUMLeba2/eqSfMlbO4uc7UqsDB2IwwdiuOLHD2oiWXLPtkk4xVO9ZIOJVTvXTWyELLSo/Bn93yOenVR/GFEaypP41ySGknQXT0dFUSnoROPuRaQ1GT6GDUTu3yv80BLL+Ud5q3p8t109vkyPcrSDJNU/rXWUtRij2zWOlyy6RlNuQ+u/8AeKK7jvc7zW/gyE49a6ljIDLbisnrcK8my/T8zOaWJ4lDmyV0v+gLAdxUmDIkQPSZdS/1DEhr9NyPs5YIXHc36lMpcHq6r5uJ1vBdZhyVTMI+SHktFh+X6enjAEQ8lhP9T4+xG0P0yK5mzg82X6yOtjp3RkF4vuXeuSulkosBmpZN8bh9YVbi2ERnGaZ4YNGEblqspw8y2qaBbVvwWctXLMkmEtLDCpSice5XWbOe3W3eix/FywroyWroHK+LZ2ae2mZ8SsNtNsvY038KJ42f+Iytewgpymj25bJya19E5QW5/XsWsuiI9h1MAYy9lHaFY1xbzYAUONoKzvg1S+4DQlhqca1o4hOAN7QobNkhnZKGyU+NntSgGpWOiOIyUsR6KVHC+Q2ZG5x7gp8GCV1RbZp3+8JOQUim2UuOF8hs0XWrpskYhPYmNwv3K6peT2sYL7WyoeSK7Y9sn0jFwYS51i8qziw2OMbgtQ/K0lNpLNb3J+HL0butUfWpeRd2G2T4oyUsDWFtgqnFrCIBdTiyfRT252UuHtKxjyDgLmgywsf7RusvqIJ2bejNxo4lQEbG9SfRKmcnmqaZ/sxkru9JlHLtHrHRwA+AVzFT4ZAAGQwNA/NCr6yN8Iz+llVHmSbL2NTS/J4VWO8IirWkyrmB0Itg1Z747L0e2WhbwiHuCeZV0Q9aIeSf1t/BP0lfJ5hlyNmiSUluB1ZHg0fapuHcnmZuevNglQG95b/NelBWUZPXi8wnmVEB6pZ7kfWWq4F9LXNM891OQscgpXzPwScMY0ucW7JsB3ArD1sTWHohessWxOjoMKqaqeaOOOOMkknuXk+ulErnuG4kkLXBNybIzRUURYxdB7bI4tdyVKCLXXSc/gaG9OhuinYBh8WJ4tFTTvLY3HWxXasO5PcsugaX0QkNtS5xP2rlzamOOW1nVh08px3eDgzR0tykNGi9Bt5OMrH/AMsi+tPN5OcrjX7mRfWsXrIvwzSOn2+Tz9C0nQb1Z02DV9VbmaSV1+OyV6Hw3JWB0bQ6nw6Bnfs6q6jwqliFmxMHgEvUnLmKNE8ceGzzxSZGxiottQbA71oKLk1mJBqHHwC7c2jhbuYEsQRjc0LNrLLzRSz411E5vh+SKakAtDc9pCvYcHETQGxfUtbzbRwCPZb2BYvRuTuUi/rpJUkZY4a+2kR8lAq8vTVQsYtFubN7kNO5NaKK8i+un8HP25ONulG1Ow5NhY65ibfwW5cWgakKDVV8FO0ue8ADvSlpoLtlR1mWXSKiny/FCNGAe5SDSMhbuCjT5uwyEkPqohb85UWJ58wprCG1TCe4qfp4+A9bI39zL2VwDTsi/gqySoft22HLPU3KHhsLTtv2imanlDw97iWNPkk9LJmkdQol/Vh3MOeAb2XKMUwWvqsSmlbENku01Wnnz/A9pDY3WVc/OMBdcQro02B4m2ZajUeqlFFGcr4lKAAxg8SplLkvEXN6T4m+an/00YN0H1o/6dFu6nHvK7LZxtWRn5AxGTdUwDxBRxcneJg/hVN5FPHP83CnYPeknlCqwRsxRD3o3SFtQ8OTfFXDSqpf9SJ3JrjI3TUh/acPsSByk4i3cyFH/tQxNv4qA+5K5lbYkOvyriGDxc7VxsLL22mOuFXtfCzfsp/HM8YljdL6PKIo4r3OwNSsy9xO8lWk65JdeDR+mUzN7moHE6VvrhZkC6Vsp0I0DsXphuP1Jl+MQncCfcqbZRbKKQFo7FmHc0ps4oD6hUDZR7CdASziIPqlEasOG5Q3CyUdGoEObVylAqOH21JsFMpaKtrTalo6mc/oonO+ATJE3SgriDJeaaixiy/iJHa6HZ+NlYRcm2cZN2CSNv8ATljb/wBSVoDLlGNy2B5K83Ft3UVOzuNS2/1JLeTHMw60VK3xn/7JbkOmZEnRAFa2Tk2x9jbuNLYdkh/kqyfK1fSvLZXR3HYShNBTKfilBWQwScb3DyR/ciQDV4QBWhC4BCmnDnt9cJl9EfphBQ3oiICcFMBvkRmJo/GJBRH2RdE4CyVM0MFw8FQ3VA7UxDml0ZeWjQqPz4HFJdOCnQiSJHEb0Ykf2qOyYJxj7lAWOCV90rnng7kgHVKvqgLFekvvuSvSnD1UniisEqQ7Y4awW3IvSmFI2QUXNi17JUh2x01LLoeks01TIjB4IGIHRFILY/6SztRiqZZRXQBJdDpvRSDcyZ6VGj9JZ2qCKfTeUDDwuntQbmS3zsI3psSN7VEdA4bigIHEdYo2oVsmB7Ue23tUIQvsekiEco3uRtQ9zJu23tQLgoGxN2oiJhxRtDcT9oIi4Kv2pwbWQdJM0gWRtDeTy5ETooLp5G7wj9IcRuKNobibwRKH6VbQ70BVHiEbWG5EywSdkKMKoI/SQjaw3Ik7IRbATHpIRelN7UUw3IfLAiEYKbFSCjbOEUwtBmIdiTzIRmdnagJ2doRTC0JMIRczZOc63tCLnW30IRyHAYEjdzz5pW3KPXSHTsaLk6INqInDRwQAvnZgLbQ8lDraqdtgHWuOxSjNH9IKBXva4tsQVUeyJdEPnXvf0jdKTQ64Tq1OeQpEhdFdBIESNEgAkRRoigDtwfOd5CHyx9Zc4/2hzD8W4+Safyg1bt0R8wvFWlz/AO0+h+pwL9x0oiQ75D5oBpG+b61y1+ea134oe9yZdnPEDuYwe8q1o83wS9Xp/k600x+tMLeKWHwNOsoPvXHHZsxJ24sHuKYfmXE3fjgPAKlocvyiXrsH5O2CajG+RqQ52HOdcvZdcQdjmIv31Lvcmjidc7fVSeataGf+4h6/F4TO7xz4UzfJGqTMBwyancWPjJtwXIvTKpxAdUSfvKUJJHAAyPPiVpDRyTvcZT1sGq2j8zGNneGW2b6JsoXsEkuXoJHmt8jU/UKrip8x6JUA71SEBElNbdL5pMBpBOGMhIIsgAkYRWS2tSY0FZCyda26MxqbK2iLaLrfJ7gdLU5dE8kYL3kkkhcm3Bdt5OHtGVIRfXVef+pyaxKvk9D9MSeVv8Df3NhhcRsjQonyU1O25LRZZzHs0ejVcsLDdzXEWCyVVjFXVuO1IWjsC4sejyZOZcI9LLrceLhcs22IZmpacEMcCe5ZetzJUVBIj0Co9SbkknvR2Xdj0mOH5PPy63LPrhC5J5ZnXe8lJAQRrp/kct32CyOyG9SqbD6mqcBFE4342UtpcsqKb4RFQAJNgCStZh+Sqqos6W7R2LW4ZkmmgsXsDj3hcuTW4oebOrHo8su+DmdNhFbVEc3C6x4kLQ0GR6mYh017di6nS4LBAABGB7lZR0sUY3BcGT9Rm/bwdkNDCPu5MBRZGhjA2mXWgo8q08QHyY8lpbxsG4KBW45SUTC6WVjbdpXHLPkm+zpjCMekKiwiniHVaE82npWby0LnOP8AKQ3pRYcC927b4BYSbOONyTEmtda+4Lrw/p+bIrfBy5tfjxuu/wCR6GApR67ErbpR+NZ5rgAzViLmj5d/mlMzHiEjrc8/zWq/TZLtmf8A5BPo75t0f5Vnmltkox+NZ5rjeHVtXPYyVD/NaKn6o2pyfesJ4Yw4Z045TyK0dEM9IPxrfNLZWUjR863zWGY6Eb5frTompW75B5rF7fg1WGT7ZqqmeikqGSc63ohTMOrqOnMlpBd1lixVUn0rqRDW0zTpdNSS5oUtO2qbBmrLtBmLGG1krdotYGXud11CgyDg2zZ1K13irhuK07B/NIfmeig6z2D3rVarJW2LZg9FC7aIQ5PsCdvoI1Ii5PMABuKCO6bfygYTCelOzzSP9qGCR75r+AVLJqH8/wCSHhxR+P8ABYjk8wF2hoI/JPR8neXx/wCXxeSpTyuYIzjIfBpVthefoMVgM1JSVL4x63NmyJPOlcrJUYN1Gr/oTGZBy+3dhsH7qeGRcA//AG2D90LNVnK5hlHM+EwTmRhsRs7lY5Y5QKbM9TNDDHJAYmhxLxvTazJbndE/a3tTVk2ryJl30d5NDCyw6wFrLkWMU+EYdi5ZTva5jHagG66ByhZto6DCpaGKqL62Vtgxulh2lcRa/adcm5XbpITknKT4ObUzjFqPk6pheYsvxBjJGRiw6xV9/THLtO27ZoB3BcOJuibqSFUtIm73MuOspVtR2iblNwaDSIOefzWqpq+VokEU1GfFxsuYBqVsoWkxru2N6ub6SRpsSz3iuIkjoRtPBqq25hxNrrtqHX81WhhKk0+HT1LgGMJ9y12Y4Loy3ZJv8lg3NuNtFm1zx4AInZsx94sMRn9xVph2TJ6ggyAgLWYfkanjsXsB8QuTJqdPDxZ1Q02eXLdHPRjeY5urXVjvBxRmszM4fhNb++V2Wmy1SQtAETfJS/uLTgW5tvkud6+PiCNPpPmbOFvqcxE2dU1t/wBYVMhwnM9VHtiap2bcZiuvy4HTk35tvkp9NQRxxbIaBok/1D4ih/SRXcmedKmbE6SpMc9TUte06gyu/mu/4hSNq+TqpqIw2OUUJlbIy7XNIbe4I46LkvKBSthx52yLBzbrr1I4yclMhPHC3/8A2yuuc1kjCdHE4vG5Rs8+zYhV1TQJ6qeUb7PkLh9ZUaU3YUIopJANiN7tPVaShMxzAQ9paewiy9RJLhHmO3yxVKBtap2qtYWTdIxzzol1cbmt1TomyKyR8cgfG9zXDcWmxC0NDnHMdE0CDEpdkbg4ByzkY2nhXNNTgsBIWc4Ql7lZrDJKPtdGjg5Us0U9tuWCUfnR2VrTctGKMsKjD4X97XELC1kbWM0CrCFn9Lhfg0+pyryd3wvltwl9OBWU88Mg4Bm0PqUmXlswRvUgq3+EdviV5+G9LJsFP0sV02P6hvtI7lJy40A+bw2rd4lo+1RJeXP8lg7z7UwHwC4003Skvp4/kpZW/COsScuOIE9DCYQPzpj/ACUd/LdjR6mHUg8ZHFcvQR6EP+tj9SX/AFI6LNyzZlkHQio4/Brj9qgnlUzVNO1z65jWA3LGRgX9+9YhLi66fow+AWSVnSP9rWJNjs6mDndpf/2VDjGfMXxdpYXiFh3hh181m3C9kkhZx02KLujWWoyNVYszSyG7pHEntKLpdpSmt0SgFtZlQi7u1Hd3aUuyMNSsdCLv7Sj6fanA1KDUWPaM2d2obDjxT4YlhiW4NpF5soc2b2Uvm0kMPODTijcGwkU+EPlaHE2BTNfQOo3MN7hy0tOLRN04Ktx0Xij7brKGWTnRrkxRULKAiwCPgjduCFl0s5UBoS7I2t0StlSy0IKJLLVLwigGI4tT0riQx7ukR2DUpN0rYJW6IbRdKsF1uqwDA48Kk2qGnY2OMnb2bEd91zCSKEOOza3BRjyqfRU4OJXvCmYfh7q+pbDt7DSek7sCBjj7kQlfAbxPLT3FW264ISV8nd8n5PyzQUccsdDDUVNgTNOOcdfuvoPcFq6/G8IwGmEldWU9HF6oc4Nv4Dj7l5rpcy4zRttT4jUR+y5VlZV1WIVDqmrqJZ5nb3yuLj9azipeWXKMfB3ur5ZMq07iInVlURxjgIB97rKpm5c8MafkMFrH+3Ixv81xC2qUGqtv5FtXwdfn5c3OaRDgIHt1H8gqifljxSRxMeF0bB+c5zv5LnGyhZLYh1XRtqjlTx+dpa2KjjB+jESfrKoajNmK1Li6SRlz2MsqayOypJIRNdjde7fL9SaOKVh3ylR7IimKh11fVO3yFNuqpzvkKQUSYqAZ5fplIdNJfrFGQiITQmKLnltySmiSpDhaJRShAw0Em6F1RI6w6qRGVEYdVIjKQiQDql31TAOqcvqgB26AKTdAFIoWClcE20pV+ikAbUB1kTSiB6SAFu4IiNECUDuQAAknejaUk9ZABu3Im7kbtyDdyBhAb0CNCjHFA9UoAS0aIrdIpTdyA6xQIJzRbcklg7Et25EgY26MEi4QEbRwSz1ggECGTE03NgiEbQNyd4IW0QFDAhbbdxSX07TbRSG9U+KJ3BOwoY9HYBuSPRm2JUohEB0SnYqRENOLaEoCnOz1inyOijHVTsVET0YkX2ikindcjaKmNGiK3SKLCkRDC5pHSKS5srNRqphHSCS4aIsKK90rnCxTZJRnefFJJVAC57Ul1yjukkpoToUxvFLRMOiDiAUzKSDuhdJ2h2oXTMw7oIkEAGiQJSSUgICNGG3S2wvfuaSqtGiTY2grCHCp5fVIVlT5eebFyylmhHtm8NPOXgz4Y524J6OimkOjSthTYBG221ZXFLhVPHvAXPPWJdI68egv3Mw9Pl6qm4WCv8Iye11Wz0g3B4LXRNpogBdg96fiqaWOoa4zMAHeuSeryy4R3Y9FghyzEZ1wCLCqqhfTtsyZhDrdoP8A3VEI3W3Fb3PU1LV01E6KZj3RvNwDfQj/ALLJRNY7QkLu0s28KcuzytbjXrvb0VjrjgfJIO0eB8lp6eipJCNt481cwYdg7GjaLSfFXLUxiZR0k5HO3xyOGjHH3JptBVyHo00p8GrqccWCR/Q96saWrwKK1+ZHjZZPWpdI1Whl8nI4sFxN5GzRTeSnxZZxmQdGhf7yF2CHGsAjIvJAPJTY8zZejH4ZTt94Wb10vETRaFeWcZGTcecNKE/vBEcj5gdoMPcf2wu1/wBMcut/8wp/3gpNBmfBsQqOapaqOVw37JvZS9dNK6GtFFurOFjIGZjqMLef22/zVZiOC4jg8jY8QpJIHO6u1uPvC9P+m07RoWrl3K/VUs1JRMY9pl277IOtrJ4dbLJNRaFl0axwcvg5OzenDuTTHC6XtCy732csXwNO0WowHOM+DYW+kjZtHXYN911lXHpFBp1CMmKOSNSROLNPFK4MmyzPqZ3zSu2nvcXE96ATYSxuU/g0u+Q0EaFwkMABJU+jwySrcADYFQNuxupcGLTUvzYGiie6vtLxuF/ebfCMp0zQ2SbpHvWvpMNo4AAGtbZcmGcMUY2zHMHuTEuasXl31Rb4Lzp6PUZH90j0oa3T41UUd3ifSRtHTZonhV0w/GN8156OPYm7fWSeaQcaxI76yXzWf/ip/wC4f/k8fwz0NJilHELumYLd6z2K59w2gBDZQ93YCuKSYjVyjp1Mjv2lGL7m5JJ71rj/AEpJ/e7Mp/qa/Yv7m8xXlIrqraZSN5tvaVlKrEKyveXVM7334E6KC17U+xwO4ruhp8eL2xOKeonl90hWzZqgu1f71Pd1SoJ+c963xmGbwi1ggBYNFYU+HucbhqtMHwV00LHkaELSw4bHC3UALzM2qUXSPX0+j3JNlBS0MrbWuFaw0slhdxUqSanpxq4CyrarMVLBezgSuW55OkdtY8S5ZZNprdZyURFGNXBZGpza91xEz3qoqMarai937IPYtY6TJLvgwnrsUfbybyfFqOlaS57dFSVecmsu2njv3rIOdJIbvcXHvKAYuiGjxr3cnLk1+WXt4LSpzHiFST8qWDsCrpJ55jd8r3eJRBqWG9y6YxhH2o5JTnP3Ma2Cd6U2BzzYAknsVlh+Gz4hO2GBhc4/Uuj4HkuKka2SaMyS8SRoFjm1UcX8zbBpXk/kcmqsPqaZjZJYnNa7cSF3fk3cw5JpA1o6pBWczzg0suDBtPSvfIHCwjYSfqWp5PsPqaLKdNFPC9j7E7LmkELkz5/WwJvuzox4FhzNJ8UMY1k7B8SqzUT0jTId7hpdTcrYBh+C15dR07Y3PaWuI4hXc1NM89GJ59yOioKplU17oSGi+q41LI6XNHa1i2t8Wcr5aowzFcNkAALo3g2HeFzSMXXfeUDk/wARzhJRPpKingMG0HGba1BtusO5Zik5C8RFufxqmb3RwOPxIXsafJGOJJvk8PNByyNro5YRqQkxkB5C7VFyGUxN58cnJO/YgaPtKnQch2Axnalrq+Q8ek1vwC09aJKg7OHgJ6KB8rw1ouSu+wckGVobbUVVL7cxVvR8n+WqIgw4Yy44ucSs5ZOOEaxUb5ZxbBspPqC18w07FvMOy7TUzB0BfwXQ4sEw2EAMpIwApLcPoxup4/JcGTDmyPmR3w1WLGqjEx8NPFELNaFIDwNwC1go6YbqeP8AdCWKanH4iP8AcCy+gl8ievi/BkxJ3hGH961vMQ/kY/3Aj5mH8lH+6E/oH/uJ+uX+0yBcClh7Q3UrWGngO+GM/sBJ9CpHb6aE/sBH0Ev9wfXR8xPN3KUWnHG7JHVXVMsHnuTaFkgveiIseI2VrqrKeXq6bnqrBKGeS1tp8IJUyLBsPgpRSw0UUdOG7IiY2zQOyy7PRfpqHwc0s8XNyrs5pRUdBBENmCIafRXOeUltL6dAYA0Osb24r0X/AEfwlot9z4LeB/mqqt5Pco4hMZqvBKWSQ+sXOHwclp8UsWTfJl6nUxy43CKPL+HOYy+2QPFKxGWNzei4HwXo9/JZkUjXBKZvhO8f9Shz8lGQHCxoWRd7K14/6l6Hrx+DzfSZ5qhI5y6vaaoYGALreIci+UpmH7n4zUUUnDanZK3yNj9axWLcmGPYJHJNTyUuKUzAXF9JJd4A4lh18rprJGQtjRkq1/ObtygFnRunppwRvTHOjZIWq6IfYgb0btySHapTtQmIDCnN6KCIyOsFKdThjVEqNYWyOgjIT1HQ1WIVTKajppaid/VjiaXOPuUFjCchGpWlbycZvc3a+4zm9zp4wfLaSIMiZqLi37h1AIOpLmAfxKdyfTKSa7KQjUIELUM5O81PI/qwN9qdg+1SByZ5oda9LTt8agKbLMk1uiUAtozktzIQNo0TPGUn7FJj5KMaPzlbRt8NopWPcjCAI7LobOSWs/GYrEPZiP8ANSWck7R85ijz7MYCVj3I5qAlhhXUYuSuhb162od5BWVNyZ4My23z0ni8pNlKSOQNjTrYgTa913KlyFgEJB9AY+307lXtJl/CqW3M0NOzwjCVNh6kUefIcNqJxaGlmkP5sZKkw5PzFVTNMODVZbfeWbI+tej44ImCzWNA7gngGhUofkmWa+kcZpMgZgkjaDSxx6fjJQPhdHVckuO15btVtDC0cCXO+AXZwQjSjijF2iZZ5SVM4szkOrnW5zHKZtvo07j8SpkXIbGPnsflP6umA+JXXkRK1MrOYw8ieCs+exPEJPAtb9ikf7GsuAWE1fftM3/ZdDdJsqFU4g+IHZi2lLHbOe1PIvhZB9HxCrjPDaId9io5+R/F6KYT4XjEPOM1aZGlp8xddJmxutvaOBo9ygyYljUvUZbwakUmzmeLZUz4YDFVxmrgHCnlaQfEaErH1NJVUbzHVU00LxvEjC1dxkhx+p0LpbHsNlFkyvilUPlW7QP03XTjSBts4eXhNukC7LPyZ+k6vpoQe1uh+pVk/I7NJcxSujPtA/FO0TycuBuElvVXSXci+MbJ5uvgv2PZ/IqvqOSHNcA+SbRVA/Nn2T9Y+1SabkYYN1Sg1aOfk/zdS3L8AqngcYXMk+BVTVYZiVDf0zC6+mtxlpXtHnayClJEIhEQi9IhJtzrL9hdYo733a+CACRIyiugAiklKKSUxBFEgggAJJ3o0mxumhMdefklEUmT5tRlUSZdiUECiuqMxbTYp1kgBTCTtEIodkwSi+9Oc4O1QA83SttKg4LDb0Rtf3qAJCjEpHFKh8Fg1yXfoqubMe1L9INt6VDonNKLa6ShiocEXPm90Dpk8u0QLlDFT2pRqBwQFMktKInpJlk7eJRGYFyBElx0RNOiZfIAEUcgIQA/fejJ6JTO3qlF3RKQWLadEAekU2x2iAf0kwHHnRFdIe/REH3SGLJ6QRgpou6QSg5AgA6FK9VNg6FHfooGG06FE7eETD0T4oOOoQIVwRDqoX0RNOiYCT1UXqIyeik36CYgMOiL1iiYdChfpFAAd1gkyaNKUT0gkTfNnwQBWHekOS0hy0QvASIlAoimSxxu5LY3adZIbuT0HXQZsX6O08EXozVJBCO4QHBE9GHaUk05+kVMJCLRAqRDMDvpJmRrozv3qwdZRKsdVNCaLylyyAAXm5VgcMp6OPacGi3aVRSY3XPHSnIH5osoE9Y+Ukvkc895uuL08s39zPU9XFBfai0qMc5l5bFC2w4qM7MNX6tgqk3cbowwroWKC8HM8+Rvhlg7Hq5340hNOxetdvnd5qLzZR82q2QXgnfkfkdOI1R3zO80k1s53yO80nm0ewn9ovufkI1Mx3vKHpE3BxSthDZCVoNrE+kVHCRw8ERnqDvlf+8nNkIrI4HT+RvalO+R37xRbLjvcfNO6BG1r3mzGkosNozzfaUObb2qygweqqCOiQrmhyyW1DHTC4BvYrKeohHtm+PS5J+DJPiMdrtIBFwSN4WoyDIWZihj2rNkewOHaL2VtnqhjjwagmYwAslLL9xbe3mFncpyc1j9M4G3Tb/EFKyLNgchTxPT6hRTOk8sFK6jpsLdTvfG10r2nYcR6oNtPBcjlYXXLnFx7SbrtfLKL4Jh8nZU/FjlxeQ3CrR/wjHWN+pyV50JQuUb+uVIggD2bRXYcpGQCdmj2H2SGi5sgAB7u1KbI4cU5zIskc0QUUh20HzpRc6UZiSSwhTtQ9zD5woc4ia25S+ZPYlSDcxO2i20bmEJIbdFIdth7aG0hsJQjJRwOmIJvwRLs+SsF5MsRpKWOrDTiRY0SR1s72Avtrs6hpF9y6ZDyf5RgA5vLmG9xdCHfG653qYp1Rr6Mn5PJe0O0eaWwm/RNz3L1/FlbAIPmsEw1nhSs/kpsWHUUPzVHTs9iJo+AS+q/A/Q/J5Dgp6ydtmUs7z+bE4/Yno8tY7O+8WC4i/X1aV/8l6/axrdwA8NEfvPmo+oa6RTxX2zkGEYBikeFQtOG1LZNgXDoyCFGrss5rnuKbCJjfi57G/ErtBt2hFtNHELhWCKluPRernt2o4BJyZZ2rDd8FNCD9Oqb9l0qPkTzLLrLWYdH4yOd8GrvhkYPWCIzxD1wulTa6OR/c7Zw6PkLxY/OY1Rt9mJ5/kpcfIRIfncwfuU38yuyGqhG94802a+AeuPNHqS+RbV8HLIuQmhHz2OVb/Zia3+anQ8iOAM+crMQk/5gHwC6GcRh+kEk4hHwKTnL5HX4MdDyP5Ti69PUy+3Uu+yytKfk4ynTjo4LTOI4vu74lXZr296Qa7sBUOT8spApMDwqgbakw6lhH6OIBTRHE3cxo9yrzWvO5p8kk1U53Mcp4HyWoay/Vb5I+gOxU5qKrhGU2ZK525gHiUCL3ab2hDnGD1gs+WYi7cWj3pPoeIu31DGoFRoudYPWCHpEY9dqzTqCpt8pXAJl9NGz5zEB5p2G01XpUQ9dqBq4R+Mb5rFyVOHQ9au2j3FRpMZw2PdI9ypWKkbs11ON8jfNNuxKlbvlb5rnkuP0/4qJ7lDkxmpf81TP9zSqpi4OluxijbvmamZMy4dCOlN5ArmElTi03UpZ/cwqO6jxyU/gk/vFk1H5Yr+EdKlzxhsejI5pPAAfFRH5+i/F0J/bk/kFz8YLj0n4gt9pwCMZbxx2+SNv7aql8k8/Bt3Z7qj83SwN8SSmH51xN3VMDPCP+ZWRblPE3fOVzWjuuU/HkuR3zte8+ATqIufgvpM3Yu7/fWs8GNH2KO/NGJHr4w5v/MaFEiyNSnr1UjlMiyPhbes57vEpWgpkZ+aJx85jTz3CYn4KO/NLTvrqmXwLj8Sr2PKeCx747+LlMiwTBourAz3o4+B0zIOzK93zcdQ7vc9J+7OIS9Snf5krfRUWGs6sEXkpUbaGP1Im+4I3fgK/JzlsmLz7qd37pUmLD8bl0FMfKy6K2qomevCPeE4MRoW76iEfthG9htRhYcvYxIRtxtb4lWUOWMRFjzrWHtAOi1QxbDx/vUP/uBL+61AB+FQ/wDuD+aVtjVHNKzkaoMQr5auarnidK7aeyENa2/Ei4NrpyLkSwBltuatf23mt8AuhPx7C2datgH7YUd+Z8Jb/vjD7IJT3T6sW2PdGVpeSPK1O/adQGfulmeR5XVhJyaZUkj2DgdIO9oIPmCrJ+bMLbukkd7LCosmdKFvUgqH+4BL735Y7j8IzNdyM4LKS6hqauid2B4kb5O1+tZrEOR3HoQ40VfR1jeDX3id9o+tdCfnYfi6B59pyaOdas9SgaPFxVJzXkh7Pg4tiOSMz4Xc1OB1ewPXhbzrfNl1DwXH8SyviLqmic2CZzDG9s0Vw5twbEHvAXcxnHECejRRg+9M1OOV2IxmOfCKSdp4Sw7fxV7rVSQlw7RiaflixZrAJ8PoJDbe0Pb9qsaPlgDtKzCWDvhlI+ohJr8oR4lcx5dp4HH1oNqP6gbfUqObkwxskmmhcBwa83+tSoxXRe75N3TcqOAzi0hqYD+dHceYV5QZnwjErejYlTuJ9Vzw0+RsuL1WQ81Ud9rB5pmjjAQ76lTz09VQv2ayjqqcj8tA5qTtdFJRZ6VcXubduo7QmT6RfQLzvR41V0hvSYjLER9CUtV7S5/zLTW2cUdKBwla1/xF0tz+CvSXhnabVJHVSC2q+gfJc3ouVvFobCrw+kqBxLdqM/aFo6HldwaWwq6CrpzxLC2QfYUb0S8UjRgVh3Md5J9kdafVcotHyiZTqiB91WQnsnjcz67WWhosWwuvANJiNHPf8nM0nyuqTTM3GS7ILIK09oUuKnqvWcrUMNr2Nu2yAV0TZFZFJxKeEZ4lO2R2ToVjYYj2UuyFk6FYnZSS0JyyGylQDLowmHwNdvF1KeNkXJt4qkxLFY6W9qlgI4AhTLgqPPRYNp2A6MHknmxgcFgavNckZOxWNb7wqqbOU+t8VDfB6z3o02SOrhnclBp7FxmTNwPXxeQ+D3KO/NlHfp4hM794o3h6bO3dEbyB4lJMsLd8sQ8XhcNOb8Mbvlmd+z/3Rx57w2E9GGd/uaPtRvH6TO3+k0o31EX74STWUn/qI/cbrjP+0ylYOhQTu8ZGhIdypuHUwz96b/sp9SfhFLCvLOzGspPyl/BpQ9OhGgMh8GlcTfysVoHQoKZvtPJUWTlYxg9RtHH/AMsn7Ub8vhB6UPk7TU0+F1gIqcMgqAd/O07HfFUtTkvKFWTt5XoQTxYObP8ApsuSScp2PS7q6JnsQBQZc/4+/X7rTA/mtA+xF6h9ULZiXZ1aXksynNctw4wX3COtl08ymf8AZHlQ7zXNP5lYftBWBqOUSduAyQx4riMuJu6s3NhjG7u0+PBZp2d8zu345We5wH2JQjqJct/9/sKTxrou+UPKdDlPFaSHD6qaWGphMmxMQXRkOtvAFwfDgVjSUK3Eq3Eag1FbVTVExAG3K8uNhw14KNtntXVGDrkz9REi6FwmoYpqmVsUMb5JHbmsFyVvcv8AJPjeMNbJVSw0EJ1+U6b/AN0faUVQ95htrs1RiORx0aVtM3ZNgyZUU0Tq5lUJ2FwOzsuBG+4udO9Zz0uFu4E+5Ia5ITqeZ7bBib9AnPAKca8cGJBrn8GhCYNWQzh83GyQaKQbyFKdVyHsTTp3lVuZO1DJgcN5TLmG6kbbnHeiLU9wttkYCxTlkkizk4Bom2SkNgaoy3RGB0kpw0QFcBAaJNuklgaJI6yADtokgG5TiS0alIoS64QFzxSnbkGjRAWxJJCUHG10TwjbuQFsIvN9UBJZEd6ACKQWxfO96Mzuta6bA3onBFBuHmzkICc7V0zZEBqih2h905IRsnA3qM7RC2iKC0SueG0DwSxUN71CBNyg64RQWiW2YW3pfPN2d6g3KTtm9kqC0WEcrbEE21RukaXCxVeXkBAPJ1RQcFltCyJrtPeq4ynddGJXDinQcE4u0KIHoKFz7u1GJ3AWQFEph3oA9JRWzEcEYnsb2QKmSSekEioNoimvSBcaJM0oewgICiIkuRpLlaJfQlEggqIY63qp2LeUy06J6HeU0ZyHkaCHBMgSjtogEZ3IEJ1UepPVupBUeo4IoaZFbd28kpwMRtsnA1x3NJ8AsmzsURFkdk6Ked3Vhef2SligrHbqeT91IfBHQupbcIr37qd3vIH2p9mXcSf+Ljb4vCBWituhdanD8gYliDSW1dIy28EuJH1K4i5J6t/zmKxD2YiftUPJBcNlqEnykc+LrJBkAXUYuR9jvncYf+zAP5qdFyP4UPncRrH+AaFPrYx+nM5CHF24J2GnmqH7LGkrtlNyV5fhADnVcntSAfYral5PcAg6kEvvmKiWoX7UaRwr9zOOUGV3y2dK7fwWnosuU8IHRBIXUoMn4U3q07z4yOU6PKeHAD7183O/muKbzT8ndjnp8fUTm8GHwR7mhKlija8WA0XT48rYa3/co/fc/anm5awsf7hT++MFY/Ty8s2+ugukcJz7NGcvQsBAPPt+BWGwWZsOKQPLwAHDW/evWJy3hLrbWG0jrbtqBpt5hSIcIoKc/JUNMy30YWj7F3YH6ePYebqZerl9RcHJuVpzqnK9CIWukd6S02Y0uNtl3YuPtw3Epeph9Y7wgefsXsQRtG5tvBDZHYrw5HijtqzHNBZJbjx9HlXMNS75HA8RffspnfyV1R5Dza6IAZervewN+JXqjZHYhshafUy+DP0I/J5ePJbnOpeCMFcwfpJmD7VJi5Gc5PsTS0rPaqR9i9MWASUvqZj9GB54h5Ec1v8AnKnDo/GVx+DVMZyE44evi+Ht8GvP2LvaFkvXn8j9KHwcIl5CcTbESzG6V8n0TC4DzusTmDIuYctAvr6Fzqcf7xCdtnvI3e9erNm6S+JrmkOAIOhBG9Ec813yDxQfR41gG1KO9WgpgW7l37H+SrLuNPfPDAaCqdrztN0QT3s3H6lzrGuTPMWCh0lPEMTpm+tTi0gHew6+V10Rzxl+DCWKSOdVcGy0myiRMLzYcVa1sjTG9hBD26OaRYg9hHBVlM/ZlHitfBCdMs4cJkkbdOuwiRgvvVlS1sMcI2ngFKlxGnI64WbTNFkKd0DoxZzdFf4FnfMOXdllFiD3U4/3ef5SP3A7vdZU1RXwkGzgq01QJOql42+zRZ0uzt+EcsMVZsx4jA2jlOm2CXRn37x7/NaxmZpZI2yRtD2O6r2uuD4ELzKKhp4q0wvHcRwh+3Q1ckQJuWtN2u8RuWE9O10bxywkeiBjtY/qwvPgEoYjicnVp3rnOAcrpitDjFK6RvCWEC48Wnf7ithByi4DVMvBXQtd9GW7CPMLnamu0acfJdB+LP8AxYb4lGYcRI6UzG+9VDs208g+TraU+Ew/mmXY4Zd1VD++P5oqQrRdcxPfp1YHgEYp2DrVbis+a4PPSroR+2EplTR/jMRj9xRtY1RoRFSDrSuPvR7dA3tPvVEa/CGjpV7T70Bi+CM31Id7ilQ7L4VVIOrGh6bGOrGqMZjwSP1yfBhSjnDBWbmzHwj/AO6KfwK/yXBrnerFdJ9MqD1YVSOz1hjOrSzu9wH2po5/pfVopPe5G1/Abl8mg9JrT1YAi5/EidIWrNu5QPoUY990y7PtW75umaP2SjZIW+Jq9vFXbo2BHzeKHe5jfcsa/OuKv3bEY72gKJLnGuNxLisMXjI0JrHIN6N4YMQI1qbeASHUdQfnKyT3Gy51JmqB2s2PMPc2Rx+AUZ2bcJbvrpZT3Nd9qr0pE+pE6S6hpT87USu8ZLIvQ8IHWaH+1JdcxOc8NHUikf4gpJzq38VSD3gfzT9KQepE6kGYKz8RT++yWJ8JZ1Yaf3MBXJ3ZvrZPm4Ymd9ro25hxiXqz7I/NYEei/kPVXwdbFfQN6sI/ZZZG7FaZo0gf8FyP7pYtLo6vn9zrfBEYqqc/KVMrvaeSn6P5JeQ6nNmOkh6zGN9qUBV0+dsPi9aE+DyfgFgG4M2SxdMPNSGZfpz1pj+8FSxwXYnOT6NLNn6j9WMH3FQZc+g32Kdp8Qf5qtGXqEdaYDxeE6zAsNH4xrj3FXUCfv8AkU/PNS7qwxj9n/umDnPEXdUsHgxWEWBUp+bgc/wjJU6LL85tzVBOf+VZG6K8Btk/JQ/0nxiXqOPujRfdnHpN0kg9wC1TMr4k/wD3Us9pwCkR5Mr3dZ8LPF1/sS9RB6b+TFmsx2TfVSjwcAk2xZ56dXP/AO4V0CPI8vr1kY8GkqXFkinHzlU8+DLfal6g/TRzUU1Y7rzynxcU8zDp3flHe4rqUWUqCPe6Z3vAUyPL+HR/iS72nJeoxqETlUeEzn8W/wB4T7MGnPqWXWGYZRM6tLF5XT7aaJvVhaPBqn1GPbE5VHgNQ78W53g0lS48tVjurSSn9hdNIa0akN8TZINRTt608I8ZB/NG9gkvBgI8p15/3Qj2iB9qlx5PrTvbC3xetmK2jH+8w+5wKV6ZTcJQfAE/Yl6n5Da/gybMm1B600LfAEp5mTAOvU/utWpFTEdxcf2D/JHz0Z7fJHqR+Qp/Bn48o0retLI7yUqPLNCze1x8Srfnmd/1IjUsbwv7wl6kfkVP4IkeCUMeogHvUyOigZ1Ymj3Js4hGCdLkd6AxSO5HRuOF9fiqWSHyJxkShA36I8koQt7Ey2ta7QfUEs1YaLuOz4iyvfAhxkOiIdiJ9OyRuy9gc3scLhQ5MaoYtJK2Bp7DK0famhj+HPNm1bXn8y7vhdDyQXbGseR9IYrcm5bxC/pWCUMhPrcyGnzFis3XcjuU6q5hhqqR36GckD3OuteMXpyOiyod4RH7bIjirfVpZj7Ra37VLzYl5KWPKcyquQ2DU0WYJ2dgmgDvrBCqp+RTHWX5jGMPl7nte0/Arr5xSU7qVg9qYfYEn7pyn1acftuP2KHqMPyaKGb/ALRxV/JBmxnVdQSezU2+LUyeSfNzTcUdO49oqmLtr8UkaNXQD3OTDsZmvZs0Q/YWb1WA0jjzs4tW4DnnKNE6ukdXUlNGQHSQ1gc1tzYXDXdvck0nKdm2lABxQzAcKiFr7++110XlCrJqnIOLiSUuDI2yAbNgSHtXn300nezyK2xSWVbodGc3sdTqzsOBcseIzYnT02KwYe2nkdsyVFnR82O06kLZVfKjlmmZdlc2od2QtJ+s2Xm0TtceIS9q/FXKE74lRCcH4PQbeV3AHtJc+WK24GIuJ8lDqOWPBWH5NlZJ7MQb8SuEbXei38UvSk+5P/H/AOD3RXUUdon5aaMfNYfVu9qUNVbPy0zO+awlvjJOT8AuUe8Iixx3EI9CL7b/ALhv+EjoFdyrYtVtLY6WkhB42c4/WVl6rMWIVby6SoNzwboqfmnH1glCA/STWHHHpFerN8D762Z56Urj702alx3uPmk+j/nI/Rx2qqiTcwjUHt+tF6Qe5LFO3tKVzDU/tD7xgzu7vJFzz1J5hvYj5pqLiG2XyRdt57UDtFS+bCGwOxLch7GQi13YkuNt6mSBrGkncpOLZfxLDMPp62tgEMVQ7ZjBcNrdfUcNEb1aT8icHVok4XlXEcSy3iOPQsYKKhBMjnPsSRa4A46OCpiLEhdbyY3/AOguZyeJqPqYxcmcOmfFamF2xMmoAATJapZaLJBYE0xNEUhDZUpsYLgpbqZgaCAqsmizy9iQwZm3HC1z36ucRqe5aiflTrKSkMVHTNExFg95uG+7isNfZYB3KDMdqRcsY/c2dsmtiRJr8RrMWrX1ddUPnnfvc8/UOwKPsoNFglLSyKE2QsEqySQiwoI2SSlEJJCYhI6yW5Ib1kt25DFHoiu6ycG5Nu6ycG5aeDLyJ9ZKduSR1kp25AeAhuRDrJQ3JPrIEKRN3o0TUhgKDUZQbuQMS9Bu5G8IN3IF5Eu3oBA70YCAXYQ4onIxvKDkw8BJI3lL4JI4pDYlyUNyJwSgNExeRI3lB25AdYoO3IDwEk21KctokAalAMJw6KDRolO6qDB0UeA8jbh0ku2iJ29K4IBDYCS4Jxu9E9MXgTs6JBuE8BokP3oEIF0RJS2C4KQQUwsK6bedU5pbU2TL3Nv1h5ppA2EiRbQ7R5oxc7gT4KiGx1u5PwppschbpG/90p+GGX8k/wDdKaM2OcUZ3JQgm/JP/dR+jzW+af5Jk0xpGTol+jT/AJJ/kjNNPb5l/kgKYyo9RwUz0Wo/Iv8AJMT0tQSPkH+SBpMvY2RjqsHkpLGuPVYfJX0GGRM3hqnRQQx8GeS5HmXg61hfkzcdNUPPRiKnQYRWSW+TAWijkYzqhvkpTKwN4hZvNLwaLDHyUkGXat28NCsIsszHfI0e5WTcRjbvcE592adnWmaPes3lyGixQIsOA1NJIyeCe0jSNLdYcQtNDh+Jyfi42+LgstU5/wAOwmto7T0815tmoaQXGJmyelYd9lJk5YcJjFmNe/2Kc/bZS4ZJ8tD3whwma6LBa5/XqI2+AJUyLADpzlW8+y0Bc6l5aaVvzVJUO8Ymj/qUSTlsmPzVBOfc0fzTWCfwS88fk67Fg1LHv5x/tOU2Okgj6sTfJcNdyzYq8/J4fUe6QD4NTbuVbMEu7D6oD9c4fBqtYJ/BDzR+TvzWAbm/UlBp7CvPLuUfMEm/D5D7U8hSBn/Gr9LC4D7T3n7U/QyfBPqw+T0TcDe5o8TZDbj/ACjP3gvPsXKViNO/alwWlc3su4fXqhXcrNdJTOhp8NoqdzhYvJLyPAHRNYJieWHyehLXF947UxNU0sAvNUQx+1IB9q8xYJmd9PicbKqWQUcr7Shsh0vud7ltnY5gEOrnMce1010TxOLocZqSs6xLmHBYuvidNfudf4KI/N+BNNhVvk/Vwvd9i5a7OWBRdVsZ9kE/Ymn8oOHs0ihl/ZuP5JbJfA90fk6i7OGFn5uCvk9mmP2lNOzbD6mD4i/xa1vxK5W/lHjHVp5z4y2TR5RJnfN0EZ9qUn7EelL4Fvj8nVzmt/q4DVftTMH2ov6W1N9MBk99SxcmOe8Xf83SUrB2ljj8SmznDHn7pqaPwiH2qlikJzide/pbVgf3G7//ACGJmXO9RCOlgcnunb/JckOaMedvxMN9mJn8k2/HsXlFpMXn91h8AmsTJc14Oqu5RntP9yTf+6P5Jt3KYW9bBJh/zf8AsuTuraqQ9PEqk/8AMKbux3Xnmf4vKr0kLezqz+VKJu/B5R/zR/JNHlSiJ/uiT/3x/JcwEdN2OPi5GGU/0PrR6UR+pI22OYnk/N8ZGMYVPS1JFm1cOyZG+8bx3EFcrxzJ01A982E1jMTpN4MY2Zmj86M6+9tx4LQBsP5NOsbELHmzp2OIVx+3pky+7s5kXvBIJNxobobZ7V0qrwzD8S/CqUOf+UBIf+9x991QVuSJWgyUE3PN/JSWa/3HcfqWyyJ9mTgZTaKG0VOdhropzDKHxyt3xyN2XD3J9mHNG8KrIKq5TjJZGHQlXDcPb2JirpBFESAi0+B9DdK8zkggNI7FIdG8a2J7wo2Hj5QqzAKzlBM0jlkiFz726CR49906ytmbxDvqVbVucyslsSOkkNnfbgpeI0WY22Xccp4MRa2ssIpGlhdJGHhnYf8A4Ft6fMeCUlOefrKeR9h83CPfwC4rz7rdhTZqJfp28AFyZdAsju6OrFr/AE1VWdjkzzgbCdkPJHZGNVCl5QMKBuygmee9zQuUc9KfxjvNAySn13eaS/Tca7Kf6nN9I6XLyh0/4rCWftyX+AUCoz5USghlDTR+4n4rBbT+Lz+8kkni761rHQ4l4Mpa7K/Jrpc2Yg83Doo/ZYAoj8xVriS6q18Vm9O0IWHatlp4LpGD1E32y9djtSd9W/3OKYfjEzt9TKf2iqnTvQV+lEj1JFia4O6zyfEEovSo+36le5f5Ocw5gjbOynbR0p3T1ZLA4fmtttO9wst3Qci2FwNa7FManndxZTsETfC5ufqC58mfDj4bNYYss+kcn9KbwuUPTQ3gB4ld4peTnJ1IRbCjUP4c/M+S/uBA+pXlNgmD4efvbB8OprcWUzS74H6yuaX6hiXSbOmOjyPtpHnGGapndaCCWUncI2F3wCs6fA8yVQvDgmIvHaKdwH1rumJ5qw7B4gZpoo/ot2ztO8GtWIxPlSne4iggsOD5j/0j+aIaueT2QKeljD3SMpFkvNslr4VJFf8AKysYfK91oKTk7xssaZ6yOJ3FrWucR79AqCuznjldcSYjM1p9WJ/Nj/TZVL6+qlN31E7vakcftW15X3SM9uNdWzo0XJ/K0/fGJSjwDR8XFSmZIwiO3pGI1J8ZmNXLo37TwZLOF9dorT0M+Csbd0FGw/nAH4rHLOcF8nRhwxyP4NxDlfKkI2pa1tv0lYPsKsIKTIlNbanw8kfSk2/+orHRY5gtMNHUgt9Fg+xPjPWDUw0qB4MaVyPPlfUGzp+mxLuaN1DiOTYbCFlK72KZzvg1To8w4Iy3MUlSezm6J/2tC5q7lQwyPqCpk91lGfyrUw6lBK7xI/mlepl1jJcdOu5nWhmWnI+Tw7EXf8gN+JRHMbz1MKqD7csbftK4+/lYfb5PDT73gfYVGk5VsSdpHQMHjKfsCaxat/t/7/cly0q/df8Ac7SMeq3dXDIx7VW37GlH918SO6kpW+MrnfBq4Y/lPx5/Up6dvtOeftCYdykZkPVfRR/sX+LlXoat+UT6mm/J3sYhijuNEz/lvP8A1BGKnEnb62JvsQD7XFeepOUDM7//ADaOPujjb/IqHLm/ME19vHqv9g7PwsqWl1T7mv8Av9DN5sC6T/x/+npISVh62JT/ALLIx/0pL5ZG/OYjU++XZ+AC8xy43iM1+dxevf4zO/mo/PSTm3OVExPa8n+ar6LK+5/4J+oxrqJ6bkr6NnzuIuHtVrh/1KLJj2ARj5bFKPT6dWD8XLztDg2IVJ+SwyZ/eQR8bKzp8l45UbqGKIdr5R9l1L0sI+7L/wB/uaRyTftx/wDf7HbHZyylAelieH3H0SHH6rqPJyj5Uh6uIBx/RQOP/SuYwcm2Jvtz1ZTR9zWOd/JW1NyXMcRz2Jykcebha36zdZOGlXc2/wDv8jRR1D/Yv+/1NfLytZfZoz0+X2YbfEhQpOWPDmn5PDKt/tyNb8LqFByZ4I23PPrJe3amtfyAVlByeZZZr9zRJ+sleftS36ReGw9DO/hECXloAvzeEtaP0lSB/wBKbZyvYnVODaPCIpSdwjMknwaFbVFDlDLzBJLR4bT23bUbXOPgNSVQV/KXRwAxYXQue0aBz/k2+Q1+CqLhP+Hjb/qDxOH8SaX9CyOes6yNLmZdZGO1zHD4lU1byjZqa4se6kpz2NjufrJWaxHOGMYmCyWodHEfxcI2B57z5qlLi43LST3rqx6f/ekYTyR/ZZoH5nxeWR75MTs5zrnZY0a+SU3NGJ7W0caqmntbLsfBZy54NRHb7At/Rh8GXqSOk02cMFFOz0upxGaWw29urmfr5gJ9mdctx6tw18h7XQ7f8RK5deUbnkeGiSds73uPvKwejg/L/uarVSS4ijrH+0vD4PmMJc3ss1rE1LyuTtFoqNoH584+xcq2EYYU1osSJeqm/B0aTlYxR3UZSs8SSoknKhjrwbVULfZjKwuwpFLh1VXSc3SU8kzuxjb28TwVfTYYrlE+tlb4/wDRo5eULG5D0q+UD80Afaosmd8TcNa2qeTuu8D7FW4rl+twmnbJVtbGXbmg3PvWz5MMoYLj9EavEoJZpmTkNaZLMsLb2jf70pR08Yb6tD3Z3LbdGfp6zNWK5hdhNNVzvkbJsu5lxIaLgF1+wX3q4z7h1fgWZBSU9VXMpmQRBzvS3vBlLS49LS97X3BR8SwumwjljdhtGzm6aOuiLGN4A7DreFyVa8rcYj5QpiSXHmIRtONz1HLSKimqS6+DByk+2znUlXUzN2ZqmeQdj5XOH1lMlAhESupGLHYhdzfFSiBsnRRYN7fFSz1Ss59msOhELA4lPc0EinHXT7bOFwobdmkYqhmSMBtwiiaSPBSSy4sdyMMDdwCW7gezkaDEsMTgShbtUNs0UUNbCMs7k55oie5Kx0hvZKPZKVr2IWKYqE7Pej2FJpaCprJAynhdIe4aLY4PyfVNSWvrHbDfohZzzQh7maRxSlyjFQ0stQ8MiY57jwAWnwvIWIVoD5hzTPrXTcKyxQYYwCOFu0OJCumxtaLAALhyayT4hwbLHCPfJxzM2W6fLNLh9VzZlPpbdoX1dbWw8Vb8rETzlzDZnxGIuqrlhIJaSw6Gy6U+CGXZ5yJjw1wcA9oNj268VhOWHXKdG47xWt/gclgyOc4bu0yMz+10MZQ05AMyn/NfwsXJHda66xlU2/8AD5mQ99T8GLkrjqvb8Hlrth7aIvSborhBQsSWIKlifaaAoBsnmus1OyK5JDndFRTrIlOlAFiUqgoq7FJzHh1DVVj92zTwuk+A0WaidEpIGlkLhaqi5L86VwBGDejNPGrnZH9VyfqV7S8h+ZJW7VViWGU447Jkkt9QCKFvRza6JdOk5KsDoB/WufKKFw3tZGwH63k/UmxlfkypvwjONfUkcIIwPhGfijgNxzW6I7txXTOZ5JKbe3HKsj854v8AW1GMX5Kqf5vKVbORxleT8ZE+PkTb+Dlw0dc6eKJ80Y3yMHi4Lqv9NMhU34LyfUzrbjII/tBR/wC1DCYfwPI2ExdhIZ9jEWgW74OQB7HO6L2u7mm/wU6Giqpx8lSVUnsU73fALqB5ZMSi0pcDwqAcLNd9lkzJy05pcOgygjHdC4/Fye8jZIwEGW8em+ZwLFZPZopP5KbHkfNkvUyzip8afZ+JWmk5Xc4Sbq2nZ7NM37bqFLynZxlvfGHt9iJg+xG/8D9NkGLk1zpL1ctVg9t8bfi5S4uSLPUh/uONn6ytjHwJUaTPma5etjtb7n2+Chy5pzBNfnMar3f/ANw7+aN/4D038mij5F86P68GGRe3WE/BqkM5D8zb5sUwOHxlkd/0hYmTF8Tl6+IVbvGd381FkqKiTrzyu9p5KN7D038nQ/8AYtiDPn81YFH7nH4kJP8AseeDYZ0wK/Zsn/8A2XN3a77HxSPk+Ib5I3MNn5OjVPIxmJsRfQYjg+JAC+zDMWOPhcEfWsFX4dWYTWyUWIUstLVRmz4pW2I7+8d40RQTy0zxJTTSQvGodE8tI94V5jGaZ8fy7FS4wefxCjkaaWsI6bozo+N54+q4HuKdhtrky5PSSxuTZ6yWNwVEoIbyg7ciG8oOQHgPgibvKPgkt3lAwOR8ETkfBAhI6xRv4Im7yg/gjyHgVwTY6xTnBIG8oGwO6qDOqg/qoM6oR4F5Eu3p2KKSeVkMMb5JXnZaxjS5zj2ADUpl3WC6nkfFsHyrTtk2GvxGVvytRa7m39RvYPiVGTIoKy8cHNtIrME5HM24qxss1PBh0TtQauSz/wBxoJ87LWUv/h/c7Z9NzEL8W09L9rnfYtMzlQwmjpH1FXU9Bu5obdzj2Adq5dnHlex3MEj6bDZJMLw7cGQutLIPznjd4Cw8VOPJ6itBkxyg6Zs6rkt5P8vt/rrMUzHje2WrjjJ/ZAuqaog5GqMkB9ZWEcWOnf8AyC5E6WV7y4vJcd7uJ96Qds73HzWlP5I4Oquxrkmg+Zy9WTe3C77ZFHfm/k9h/B8lbftxsHxcVzAtPaUNk96Nv5Hf4OkPz/ldn4PkWkb7XN//AOpUWblCw53zWUqCPs1b9jFgNkoWKNiC2bKbP73AiHBMOi/Zv9gVZNmytmcSaemb7LSFQ2KFihRSC2y2fmGscNWxD9kpk4zVn6H7qr7HtQsqETTi1YfXaP2QknE6s/jfqCiWRICiScQqj+OckmtqT+Of5phEgKH/AEuo/LP/AHkk1dRxmf8AvJq6QXIA7azA38Xp5uBji8qK7MdI3fOzzTLs00rd04911xbZnTuii1bgcfEu/eT7MDp+Iv4uWcfm6AbnuPg0qO/ODfVZI7yCPTmw9SCNg3BaIdZkfvN0r7l4Y0ax0/vCwz83ynqU/wC8/wD7Jl2aqx3Vjib5lP0Jsl54GorMqZYlldLJh8bpHG55oubc+4gKMMr5bb1MHafald/NZp2ZMQdufG3wZ/NNnHsTd/vcg9mw+AWixZPkzeXH8GrGXsFb1MGph4ucftS/uHho3YXTjw2/5rGPxbEH9asqD/zCmH1VTJ1ppXeLyVSxT/3EvLD4Nw7BsMA6VLCz9pw+JUSXDcAb84KYeM//AHWNMbn77nx1QFLfh9StYn5kTvj4iaeRmWId76b3Ha+xRn1uXIz0WMf7MB/kqVtGfop1tK4dg9yrYl5J3/gnPxXCfxVFK7wiaPiVEqqqhq49h+E7Q4bRDSPeNUoUrjvJSxSDjte5OkJtsz8mFwPfeKKSNv0TJf7EbcLa36Z/b/7LQeiDseUoUrB+LPvKe4W0om0DPoE/tFOtoG/km++5V22madzD7gn2YfK/qUsjvBhSckilBsom0RG5rG+DQnm0h4ykeC0MWAYhL1KGT3kD4lToso4rJa8UTPalH2XWbzY120aLBkfSZlG0TDvc4+KcFDH2HzW1hyNWv+cqYG+yHO+xT4shNHzlc/8AZit8Ss3q8S8mi0eV+Dn7aGP6J80sUEX0frXSI8lYZH87Uyn2pGtUlmXstwfOPpnfrKn/ALqPrIeCvo5nMRQwjePrS20MJPRY4+F11NkGWKfqvw1v7TSnm4nl+LRlTTfsNJ+AUPWx+C1opf8AUcviwaWX5ujmd4NKsYMpYhNupNgfnBdB/pBgzd01/CJx+xF/SfDQOgJ3+EX81lLXI1Wgl8MyUOQ6p9ts7PstA+JVjT8nzNDI558ZAFd/0ppj1KWpd7mj7UX9I3P6lA79uUfYFk9d+S1oJf7SPFknD4gA9jSe+Un4KXHlHDwNKaP3kj7UTcbrndSkp2DtLyf5IOxXEGtc90tNGAN9j9pUfWJ+R/RteEIrcg4PilPzNVSRvYNx2jdvgd49xXP84cl39HcIqMXw6vdLS09nSU89i5rSQLtcN9r7iPeugw4jiMr+niMOzf1GDd5lNZ1c9/J5jIe8vJp9CSNekFth1rc1FGOfSKMXJnBonCyj4kQac2S2McLpitB5h117Pk8oiYYLzFXQjuNyp8K/CFoA1OQkZXERbEJh3/YmomOc27eBT2K/3lP4j4BCjF2nxSk6RcFboTrcBzR42UUq3LAWnTgqgohKxzjtFNYXBK5pO07btPinC3uScqdAo8WRebQ2PFSdjuQ2CjcPYRhH3FGI+5SObRiNG8NhH5u+5dGyNQZdw4trMTc2bEesxkjbxw9ni/v4cO1YaGMCVp7NVK56QNs1xsTcrDNc1tTo2xJRe5qzvrcVZbpTNjba9ydSo82Zsv0IBnr2Ode5u+y4PLVVUvzs8pHe8nRRHyhp0Hv4rijoE+5HbLW10jttdyr4LStLaSJ8x482zQ+82+1Y/FuVPFa0FlJBHTs3BzztuHgNAPIrnhnJQDpHbgt4aHFHlq/5nNLWTfX+Cwmr6iomfNK/blebue7UnzTJmlP4y3go+xId5RiJx3uXTtSMd0mO7b+MjvNDa7XHzSOYJ9YocwOJKOA5DMrBxCYknJcdnQJ7mWjtTL4xzhAGllSomVhNeXGxToB7Cjii6p11CkBiUmOMW0MhpSg09ieDQhZRZoojOy7tQ2TxKeIT9Lh9VXP2aaB8neBoPek5UrY1C3SIWw3j8UNgE2DLk9i2eHZCrKgh1S7YH0Wi581scMyTSUYBbDc/SIXJl1+KHXJ1Y9BOXu4OU0mAYjWuAip3AHi4WWloOTmeYB1TKR3NFl1SnwyCAADm292/6gprYYwBYE+DLLz8n6nll7eDshocMe+TC0HJ7hkFnSQtee2R1/itDS5dpKdtmQMAHY3QK9BIHRBA9oD4JWy8m9hftOvxXHPPln7mdUYxh7VRBjw+IfNxg+y0J8Uez1ixo/OUktc7ryOPdcpmoqKajjMs0kcTQNXOsFCtl7mGKeJu7ad5AIOfFE0l7mNAHEkrD43yk0dNtRYcw1Mm7b3NHv4+5c/xTMeK4w53pNU4Rn8XGdlv/f3rtxaHJPl8I5cmqhDi7Z1XFc/YNhO1Gx/pMw/Fxa69/ALCYvyi41iW1HA8UkJ3BmrvPh7gsi1gCWLBeji0eLH2rZwz1WSfXAcskk8hkle+SR29zyST7yk37kvTihtN8V1I53+WJ2j2JW0ewIXv6qUL9iACu7sRgH/4E4GEjej2B3n3JWPaNWPej2fBSoaSeodswwSPPcFpsKyFileQ6YCCPuFys55oQ9zLjhlLpGP2FZUGX8RxFw5mncGH13iwXWMJ5PsOodl74udkHrSan/stTBhdPA2zWge5cOT9Q8QR0R00V73/AGOa4NycwDZkri6Z2/Z3N8uK3lDgsFHEI4YWRsG4NaArkMiYN9vBHtMA0BK4MmWeR/czojtiqgjknKjFsRxj7FbcjsZZgrj2zu+xV3KnIHtjGyBbuV7yTxbGXWO+lK4rtv8A+Kl+TFr/AFm/wZbMLdvl5f2mtg/hYpHLHG5ue3SHqvijA04hn/dM4oOe5fJfza2IfVGFactMDBj8FSG9N0pjLu4RxkD6yvQi+Y/yX/J51f8AP/BybmykujIUkBGW6Lo3C2KhiIWLfFSj1SmGizme0VId1Cpl2OHQdIL7alBoA0FlHo9z/FSfcspdm0FwD3I7FDUdiFz2qSwtnXele5JBCep6WeqdswQuee4aIbrspK+hCAF9wWmw3JVdVEGboA8AFtMJyLR01nSM2ndrtVzT1MI9cm0cMu5cHNqHAq/EHAQwOsfWcLBbTCOTkHZkrXl35o3LoVNh0NM0COK1uwWUoMt3e9ck9Tkn1wWtkelZWUGBUVBGGxQtFuwKxADdAAnLDsCF7cQPALGvkTm32EATuCFiiJHEkpLn6E7gO9J0IUW9rreC5vywzxR5dw+lD7yPq9u3GzWm5+sKyzHyi4Rg23DTPFfWDTm4XdBp/Odu9wuVx3Hccrsfr3VlfLtPIsxjRZkbexo/+XXbpNNNzU2qSOfPliouKfJ0zK2v/h5zF7VT/wBC5QQF1fKev/h8zGPzqn4MXKXL2Dz0NkJJGqUd6FrlBQgotp2gFyewJ7m9E5SuNPVxztALo3bQv2jchukTFW6Oo5J5PsMghjr8fgFbWPAcyjcfkovbHrO7tw7112jqKejoj0YKSkibchgEcbR9QXnykz1iFHZwa1zBq5pJ196gY9nDFcw2bUzGOk0LKWJxEbey/wBI95+pc0Xkb+47J48cVUTpObOWVlPI+ky1CyVw0NbM27f2G8fE6dy5bieZ8bxmRzsQxOpqL+q+Qho8GjQeSqr9JGBftWjM0kugB7husPAI9t54lGGjsSgB2JWVQ3tP7kLv7k7p/wDAh7iiwoa6fchZ/aE4glYUN2f2pNnX3p0hFbVOwoTsntSS09pThKI2QFDez4oWS7hFdMKE2REJSJADbhpuUcNa957lKcLhMRi0jlUSJLkfAY2FoDLPBsXDc4d/em5NQPFOu6nvCZcmuQfCGjvSxuSTvShuVmSEjeUTkobyicgXgHBE3ij4Im7ygbCclcElyVwQATd5RP4I27yifvCPIeBXBIbvKUdyS3igGB/VQZ1Qg/qo2dUI8B5Ct0wpzZSNxUH8YFIBWc+TXHxY1VzOlksSSG7gopunJDd58UTRe6tKkQ+WEB2o0dkEDoJF7kaCAEoe5GggKEoIyiJQARRWQLk/RUFdicnN0FHUVT92zBE6Q/UE0S2hjQcUkkLY0XJXnWvsRgklO0+tVSMiHkTf6lf0vIRmKaxqsSwumHYHvlP1NA+tFpdsL+Dlpckl67VD/wCH8AXqsyWHHmaL7XOTx5G8n0QvX5nqtN95YIvjdL1ILyFS+DhhkSdtdtflHkhw4/fOPOmI3g4iHfUxqjl3IjTO2THJN3tNS/67hP1F8MlqXkw4EI9f6kr5PtPkoP3RhG6KQ+SI4qwboD73IsKZPszsd5I9gHcxyrDjD/VhZ73JJxepO4RD3J2Lay2ETjuZ5lLEDvzQqT7qVh/GtHg0JJrqp2+ok91gluQ1jZoBTE73eQTgp2jeT71mjUSu600p/bKSZG+s4nxKW8r0TUbELd72DxcEkzUjd88Q/aCzHOQj6PkEYqYG8R7gEb38D9JfJpfTaIf7xH7jdD7pUQ/Gk+DSfsWb9PiHH6wEk4izgR+8lul8B6cfLNKcWoxu50+EZSTjlM3cyb92yzBxBp9Y+4lJNXEd9z7kfd8BtgvJp/6QwDcx/mEk5jZwjlP7SzQrIh6rvJD05g3RuPvSqXwOofJozmGQ9SmJ9p//AGShj9YerDE3x1Wa+6Nt0I95RfdSUdVkY80nCbLU8SNUMdxI7nRN8GEqVDjuL3GzV7PsxN/ksX91av1XMHgwIvurX8Khw9kAfYoeCT+DSOoxrwzoLMbxt4/vOcDus34BSG1+Lv62KVf/ALrlzR2I17t9ZN++QmzUVD+tPK7xeSs3pJPyv7Gn10F+1/3OpiSpdrNic/7cp+0ovSKGP5/EoB7c4/muUkOdvufFGIzwb9SX0PzP/A//ACNe2H+TqRxbL0R6eJUpP5pLvgEf9KMsxD8LDvZhcfsXLebd/wDCj5s8SEv/AB+PzJif6nl8RR092d8usHRdM7wgP2qMOUHB4nXZT1bv2Gj4lc55s9qIxqv/AB+DzZL/AFHUeKOiu5TKFgIjw+qPi9oUd/Kh+Twt37U/8gsDsItnuTX6fpv9v+WQ/wBQ1P8Au/wjcP5UK/8AF4dTtP50jj8LKNJynZgcLR+ixDhsxk/ErI7Pcr7A8n4pjsU08URgo4YnSyVMzSGWAvYdpPcr+l00FbiiPqtTP9zHJc/5mnP947HsRNH2LrmAZfmxHk8djtbjGKSVD6CSoDWz821rw0kaNA00C8/R6vb3kL1Hlsf/AEPit/8As838D1pLBiVVFf2MFnyvuT/ucJjzJiYDS/Fa4m1/wh381Mfm7EZ6OSjnxOqkp5RsvjfJtBw77rDCY7IHcgJXdq29HH3tX9jH1MnyzWsmheNCFExEs9HdYhUDZ5BucUbp5HtsXEq6JsdppjFKHBaKnqxIwG+qyoKfjqXxjQmybViXArEzfEJj2n7EdEOi7xUeZ5lkLzvKk0PVd4qZ+01xe4m+o7wKpCrs9R3gVSFRh8l5/BOpBdjvFPlmqYo77DteKkkFTP3MvH7UJ2UWylWRWUl0Jsh5IEd6Fh2piFR9f3J1vBNRjpHwTrNwUsaGZjdxHZoozhdyfebuPimD1lpEzkL5lnYnGsa0WAslNHRHgjsOxS2UkkFohoj07EPcEigroWKUiuUDE7HemHi0xHcFJsSo0htUOF+AVRImuB+IdBul0vxU3DcIrsShYaSmklbtBpeG9EHvK1+F8nM0ln10uyPoMXPl1GPH7mb4cGTJ7UYWNr5XhkbC5x3AC5Whw3JmK4hZzmCCPtfv8l1DC8rUWHMAp6RjTxe4XJVyymYze9o7gQvNy/qTfGNHfj0MV73Zh8M5PaGAh1STO4b9oXHluWspcJo6ZgayIADcAQPgrIMjHa73EpwFrfVt42C4MmbJk9zOyMIQ4iqI8dOwdVg9wJ+KfEN9dkDySw4HgD7ifihtOHEBYjbYbYe+/vKXzbG2LrDxTe2ANXE++wVBjOcMIwUFs1Q10w/FR9J3/wA8VUYSk6irJbpW3Ro7xt4qtxTHsOwmEy1U7GDvNrrl+L8pOI1pdHh8TaaM6bb+k7y3D61j6ioqKyYzVU8k0h9Z7rlehi/TpvnI6OSerhHiHP8A6N/jHKfLJtR4XBYbhLJoPcN/wWIr8Vr8VlL62qkl10aTZo9yh2A42Q0Xp4tPjxe1HHkzTye5hgAb0d2hJsjtbeVqZBl3YEWvb5KTSUFXXO2aWnklPa0aee5abDeT3EauzqmVkLDwb0is55seP3M0hhnP2oyICn0eFVlcQKenkeDxtYea6lhXJ9hdJsvkYZXj1pNVqYMMoqdoDGgW4ALhyfqMeoI64aNL3v8Ascqw/IFbUEGoe2NvYBcq8pMlYeIecjeKg7RbdrtrUaHcuisELbbEfvKda6OGE9FsUbASbWAA+oBcM9Xln5N1DHDqJztmSTUP0gcxva4WVnR8n9HG7alDXf8AzvRnlRy3902UjKiSVheGGZkJLAb2BuSLjwBW5bzIB4+4BOcs8a32rIWSEvakyoo8CoaMARwN042VkyMNFmtAT+2zgL/tIucaNwb9ZWPfY9zYjZcRvCUIzx1R88e3/Smy9x9YooXI5ZreKakeAOt9aiHD2PxJla6oqrtBHMic807S2rNyfmazYNmhNoce+TlHKW8SPaGm63HJ5AafLVECNSC5Z7NGGCsqGEsuAVq8DqabDMLpmTzRwMYwXdI4NA811PIvTjBA8buUvwc7iHpXLrVOvqMTaB7i3+Sl8smLU1TmVuHRc5z9JM581x0elHGBY8dAoOTqhmKcsDqyIh8U+JSSMd9JtyQfqUHlLgqKnlLxoU8EsxErB8mxzvxbexevCFyX4SPIk6MqCgdynwZXzLUAGHA8QcDuPo7mj67Kb/QXNQj234W+NvbJLG34uWrX5Esn4M6DrH4/an3O6JTdTQ1tLWijkivUNNthjmv18WkgqPLJPE8skYWuBsQRqFTg30QsiXDLCmdssd3lSQ66qqapkLg3mXOBPC6uoo37ILaSQnvB/ksZxafR0QyRrsJrHP3AqdSYPU1bw1jCbqnfjM8EhayGMWPEEqyhzhi1FE000kLD+pafis5Y8v7TSObEuzbYRkJrtl9Wb9y21Bl6kpGgMiGncuLP5QczvFvuo5nsRMb9ihzZvzDP85jVeR2NmLfhZc0tHmm/ukjX62EeIKj0dFTxxDSO3edEU2IUVKLz1tNCB9OZrfiV5jlxKtqb8/WVMt/pzOd8SmHtba5Y0ntIQv0+u5f4MZaq/B6PqM65XpriXHqG44NlDj9V1Vz8qGU4OrXTTH9FTvPxAXAo37KU591qtBDy2Q9Q/B2qflfwFnzNJiEvZ8m1vxcqyo5ZGWIpcEkPYZpwPqAK5PtIbS0WixLtEvUTOkt5TsdxGQsiFBRN7dgvP1myYq6mtxdpGI4zVVDDvjY8Rs8mrBdngliaRu57h71rHBjj1Eh5Zy7ZocRwahhopZYbsewXA2rgrLS71IdPI5pBe4jvKiynVaEeDr+UP/5fsyeNT8GLlLl1XKJ/+gGZfaqP4WLlJuqJQWygBqjBQOgJSH4F3ACSDclNF5S4je6JdBB/chx/zZHchboAdgCKQ9ApQOnksvB1PsJttopYASWAElLA1uCpYIUG9yO3cjBHahcWUlhWST4Iza+5FcJiBr3Ie9FfuQuexAAt3lEgT4JJNu9AmGQOxJ0QJvwSbdyYg7BEQgi0TAOwRIFEbIAJxCjRvDpn27U+QE1FAI3ucCTtHirVURK7Q889DyTJTsh6HkmmnpJxFIQd6UDYJeiIgKzKhsHeicUvZCIs70AFwRN4pWwUkNIQATuCPgku3o+CBAadSifvCAOpROOoQHgXwSWpR3JAQMN/VRs6oRP6qNvVCPALsHrhPJm/TCWZABqVEkaQfZGcemfFG0702XXcltVshdi0ESJSWGggiQARRIz4okwCUihoKjE66GipI9ueV2y0XsPEngANSexRyrLC6qWibJLC7YkeNjatrs7yPfp5JSbS4HFJumdoyvyc5SwmKKTENjFq7e581+ZafzWcR3uv7l0aSswzBMMfNLLBRUULbuItHG0eAsF5pps2YnRv5w1G01upBG+ypswZrxfM87XYhVOdCw/JQNNmM93E951WUI5JP7mXk9KK+3s6zmLl3pqeR8GXMN9II09KqrtYe8MGpHiR4LnmJcqWc8TLtvGpaZh9SkY2ID3gX+tZHZRgLdQivBz22P1WJ4lXOLqvEKuoJ4yzud8SoZZfeAfEJ6yCqxbRjZKLZT6JOw2oI1be0pPpQ71Esj2T2J7ER6kmSDU+KL0k96Y2T2Iww9ie1BukPeku7/NFz7+0+aQGHsSgwpVELkAyuPb5pO0TwSwxK2EWgqQ3c9hQ1PBOhiUGo3D2MY2XdiPZPYntlK2Utw9gxsO7EoRlPbKFkrHsGhGeKUIwnNlHZKx7RrYCGyB/+E9YIWHYix7RtrARdK5sJYFtAEpJsaQ3zY7EewOxLsgB3pWOkFsobISrDvQ0HBFhQm3chZKuENpKwoTs9yItUmGkqKl1oYXOvxtor+hyVXVVnTERt7FE8sIe5mkMM5+1GUdYb0g3vo0+9dVw/JNJSgOdGXv7TqqfFMk1HpcksDLxvde3ELGOuxOVG0tBlSsscj5ZwufCabEqinE1RIXfO9JrbOI0G7hxXXMvRsc+oiIBBisRwteyyWWMHdheXqWlkdtPYC51uFyTb61rcvG1bKP0f2hePlyvJnu7V8HpPGoaakqdKzyrPFzOIyxfQlc3yJC9Q5WG1yJQDtweb+F68zYu3YzDXt+jVyj/AFlem8nDb5GKNv0sJlH+l6+kk+Ez5tds8ruiAiY7tAKmUlKJWgkJp4+9Yj+aPgrHC23iC2ZkuwxhzLblBrqcQgWWi2bBU2L8FKZTRXQxl50CntpDs6hDC2Bx1CujG3YOibYJGVmbsyuA4FOUszYyQ7cePYlSMD64sO4vsmqiMQzFgOgQ0mqCLados3PHMuINxsnVUx3p+Nzmxvs7S25MHelCO2ysk91E+iBMZt2qSQVX01QI2lp01unjVN+ks5RbkbQnFRRI2T2otntKimqb2lJNSO9LYxvJEmEAcQiuO0KEai/A+aLnXHc0p7GT6qJ7XC+h4JcbtFDgc8vN22FipEZ6KmUaKjKxB1J8UyTqU72+KZJ6RVohktvVHgjsg22yEayNkFZBESApVJh1ZXPAp4HOvxIsEm0lbKjFt0kRro2hzzstBJ7ALlbTC+T6pn2X1byAfVbotthmS6OjaNmFt+0hceXX4odcnZDRTfu4OVUWXMRrbEQljTxcqrGMNfheMT0shJcxrDci3WbdejqfBoIhwaPBcT5Tmsjz5Xsj6rY6cf8A8MKdFrJZ8rVcV/8AhnrMGPHjW3uzrWQqdn+y7CnBoBc3aJtv+UcrgRkC1yPAW+CrckNcOSnCtm1+Zva36Qqe0SkagjyC8rV/xX/X/wBnbo/4QrmmX6Qv46pYDRuAHvTYhffh5kpYhcN7vqXOdXAZ04oiQNdAmqiamo4XS1M7Io273yO2QFjsW5ScJo9qPD431svBw6MfmdT7gtceKeR1FWRKcIK5M2hd4lZnGc9YPhG1G2X0uoGnNQG9j3u3BczxrN+MY3tMnqOapz+Ih6LffxPvVBYDRelh/Tl3kf8ARHHl1vjGjUYznvGMX2mNl9EpzpzcBsSO92/4LMki5JNyd57UQAO9GLL0YY4Y1UVRwynKbuTADfcEdnFGCpFLTek/7xTRC9tqaZrB9ZuqbS7ElZG2EoMuQALk7gN5Who8Jy+1wOI5mo2jiynDn/WAtLQ4tkLCbczVSSuG9zKR7ifeQFhPO17Yt/0ZtHDH90kjJ4flTFMRIIh5lh9aQWPktjheQKGmc19Xepf+du8lJdymZWp7iKjxKW3Hmo2A+brqK/ldowdmiy9LI7hztS0fBpXJN6vJwo0johLS4/yzY0mGwwANigAA3WboFaw08gGoPuAC5xFyhZlxF+zRYfhVIO2UuefrI+CXLi+cZWkyZgo6e/CCBot77LklpZ398kv+/g6PXcl9sWdLEBvfZHxSzA8ixv4WXCsVxfMLTszZjnnB4RTuH1CyoJK+ul+crat/tTPP2reH6duV7jnnqnF00eiK7EKDCYTJX1kFO0C/yjwCfAbz7gsHmbPeFYvhFbhdHNLEJ4zHz7hbf3b7Hd71ytzi9204uc7tJuULtG8ea6cX6fCDtu2YT1UpcUWmXsm1mLYxTMZVUHo4la6Wb0tg2WAgnokh17cLL0RLX4bBcyYnRRj86qYPtXmLbj4hp8UoPiG6NnktdRp3na3Pr8GWLIsftPRM+bct0/zuP4ePZn2vhdQJuUbKcP8A5tzvdDTyO/6QuD860cB5IekNHZ5LFfp+PzZq9TI7TNytZajvzNPidQe6BrAf3nKvl5Yac6U2Xqh3fNVNb9QaVyb0oJPpdzYXJ7AtVo8S8Gbzy+Tpk3K1irvmMHw6Idskkjz9VlXz8pWY5901FDfhFTX/AIiVjoKHFau3o2HVUl+IidbzThwLGHOIkpnRkb+ce1v2p+jgXaQbsj5VlvV5rxqrB5/F5/8AltZH/CLqpmq21D9qeSWod2yvL/ipVJlHEKlw6cYv9EOf9i0+H8mD5w11VWytB4NaGn7Unl0+Lyl/ItY88/H9yiw3NVVhE9FPQU9PFPR7XNyCK7je/W1sd5VtNyqZslDicRMQO/YjYwfUFqKfkwwKINEvpMp4l8xt9VleUOSctUwDmYRRud2yN2z/AKrrF6/CukxvSTfLaOQVWcsbxB/yuLVUzj6rJXOPkLpvDsMxvH618UFBVzOYAZHyN2QwHdcusu/w0dJTM2YIIom9kbA34KNRtDKqtdsWL3t1ta+hU/8AkeHtiNaO+2cghybmWDHoHR4JNJDCTZ7Hs2SO25co2J5AzW6pmmGCTvY55I2HscbeAcu8wOs4nTcny7tVR/UslLhGc9DDdabOA4Pg+IYY2QYhh1XSu2t8sDmjztZXQILbtcHWHA3XZRKWiwNveoVbhWGYjGW1dFBIHets2d5ixWq/UE/cjN6NrpnmCqIM7j3lOaO2Gk8LrsGLcjuD1W0/Da6qon8GSWmZ9dnfWVka7kozJQvL6Y0le0bual2H/uvt8V0w1OKfTMZYckfBkeZCSYiNym1+HYnhDtnE8PqqTvmiLWn9rcfNRRK1wuCCO0LfvoyuhvZIOqU8dFL2geCS4jYSaKTEMbcJwx6IRFtk6bWSKSGNhE4WsntEqCMT11PDwkka0+8gIQNcD1XQVFJT00s0ey2du0zvCiWPYulcp1KymocJ2G2a0vZp4Bc5DgglDJBTUu9TNFDqPnLJoH0ddykbcgOZO98/wjXN2Uwe1dFyw7Y/8P2YT2yTf/8ANcrZWvYTYqooiTonmjITbqYgJsYm8DVD7o33hPahb2JNK4JLW7BIKc+6A7Ao75+ckJGiUo8DhKpIceeinL71Fc/QKwwqnir6uSGWrhpGMifKZJrkHZF9kAbydwWLXB1blYy3rFLumhMztA7kfONO5wUNGifA6CjSGu7CErXu81JQdkVu9Fr3JJPePNAC9EklJuPpDzSSR9IJ0KxZui96bLx2/UgHjtPkq2sjfH5Fk/8Ay6IuRAg8UrYJ4hG1i3x+RN0kjvTnNO7W+SHMSHc9v7qdMN6G/eiPio5lkEpYSNO5Kic+R5F9yrYyfUiOEeKCXzZA6xRFnefNG1hvQ3LfY96ajG09KqAWMBud/akUoMkxA7FcVSM5TTY7sFEWFSeacOCIsd2IERbOCK5HBSS3uSCO5ADO2j2kvYHYi5sICxFwhYJXNFEWOCB2FshEWXQsULkIEDYKTsEJe0j2ggY04G25AGwTtwisEANE63Qd82UstCTILRlDBEQM2ngKTzdtyaiF5QpZCqRESM643pG2O1Oyi4KjhJIpyY6bgb0LEoibkBPC1kUFjRBSdU/YFFsoC2M3KmRaQM81HLFIAsxo7lE+jTG3Yipd97u8lXjeplWfkfeFDarh0TP3CkL6o0SYhWqFigEaRQmyFkpEUAQgEsBEAlAFWzJAsjsjAKOxSsqgrI0LFHYpFUCyOyFkdkgoKyOyLTtCG03tQAdgjASNtqPnGophaHLIJAkB4JQcUqY7QpHbuSb+CF0DsWB3I00Xd6IPNgEqDch9DVNgkpW1beih2HbvQSo2SSkNjY5xPYFbUOWsRrXACPm2niQolOMOZOi4QlP2qynTkMEs7g2KNzz+aFv8N5P2izqi7z9S2OHZYpqRo2YR5LhyfqGOPt5OzHoJvmbo5ZQZPxKtILm820+a1eGcnkbCHTHad3rokNJFCAAxot2lShYDTZ92q4Mmvyy64OyGlxQ8WUNBlqmpQA2ID3K3iw6Ngts+alNJ/O9zUoud2H3lcjnKTts2uuER3QRxgX2W3IAv2pt1Kwncs3nfLOJZldQNo6mGFkJeX844ixNrOAA1IsVq4Y3RwRskk5x7WAOeRq4gan3qpRioKSfL8fBEcknJprheRggMIAFtAp2Au/rCX9X9oVZiLvkyA4i4IJCbya+T7qVjZJZpLMFucfcDpDcjErlZeb+Ezz1mFuxmvFW9ldN/GV6ayINvkiw1v0sMkH1PXmrNLdnOeMt7K+b+Mr0vyd9LkqwgduHvH8S+pftifLLtnlqT8Ci9kfBWeFD5IKtl/AovAfBWeFfMhdD6MV2WhGio8Y4eKvCdFR4wbkKUXLoVhAurlw6JVRg25XT22jPghij0Zb/zJvthIr/wpyWP7yb7aRX/AIW5V5F4ERj73ee8Jh29SIx96SHvCju3poCZQ0XpbXm56KXJhxj7VOy+Lsmv2hWskDXcFEm7KiZkUzQdQno4YhvYFbvogdwUZ9G5u4LNtm0do2ynhduAT3ogtoFHLHM7QnY6l7NDqO9RbNNqG6mPmoie+yiRO6KmV9Q2WmAAsQdVXxHoHxVrmNmTdSoWCmy0kaI2nVW2B4Z90qgtJs0d10TkoJyY8cXkkoogxslkNmMJ8ArvDsr19e4XaWNPct9g2WKaLZIiLyO1i2VNQxwR2a1rPfr8F5Gb9RriCPYxaGK5yMwmD8nsLC18zC93aVtKPA6SiYGta0W4BWTYmjfd3mU+3a3NBA7tF5mTNkyP7mdkVGCqCoaihDR0WW8TZKLQOs428LfFOiJxudh580mQxxEbbmR+24D4rGhOQcRHD6tT57lwTlMIOf8AFd+ggGv6tq7ocXwynbeXEqJlvpVLB9q4FygVkFdnrFailmjmhc6MNfE/babMaNDxXq/pcWsrbXj/AJR52vknBV8nb8ia8luF34QcP1hVoHWG4BYTLefsCwTk2oKOaqdLXNgc30aFhc5rtskX4D3lZXFeUbGa4Ojo2soYTxB2n+e4eSjLpcmXK6XHPf8AMvBmhDH9x1bE8cw/CYucrauOEcA52p8BvKwOM8qFw6PCac9nPTaeTf5rnE001TM6WeeSWR297jcn3lNkN/8AyurF+nwjzPkmesk+IKiZiOMVuKzc5XVUk7uAcdB4AaBQtruKFwiLl3xikqSOKUm3bYRk8UzJM4WAtqlu0JPamZNR3rVJGMpMMSyB2puE9tH6RUVlyele3gnrngCm0hRk/Is+P1pNm79LorO7PrRbLzxASodh7VkReEOacd5KHM96fAuQ4hzklvNWMdowA0WCi00Ya4nipTRd7fNZTdujfEqVkz7pehNABdzhF7DsUWbGKqbiB43KbqmB1UT2NA+pNiMKFCHdFyyZHxfATqqod659wSC+V29xT2yOARW1sBcngArteCGn5YxsvPEoc2Vd0GXMTxJw5qAsaeLgtXh/JyLB1Y9zz2cFlPU44ds0hpsk+kc6bG5ztloLj2NFyp0GCYhUEbMDgDxdoupf0fw3CYdt4ijaBvcbKoqsaw+nfsxOL7dgsFzfWuX8NHTHRRjzkkZinybWSkc7MyPwF1cUuRKPfUVUz+5oDUt2aImA7MduzVR35mqpjswMa2+l95UOepl+DRY9NHxZeU+VcCpbF1GyQjjK4u+1TBXYXhw2aaKFhHCJgB+pZ+losTxNwMsj7Hh/2C1GF5V2S1zxc97VzZGl75WdMEv2xoi+n19cbQxuaw8Sp1Fl6Wc7c5JPctVRYNFEBpu7BZW8VK1g0A8lzPK3xHgJSiu+SlosIjp2jZb8VZx0uzYC6m7LRxR2aTuus9t9kPI2RxStLhe1x3p4QMtxKWBbc23fZHzjBvePNNRRk5Nhc036KbEQaXWG83TpniHa7wCT6WwGzY/eSrSQvuCEdtSPij5t3AfUkmqf6sbR5pJqZ+GyPcnwgqQ6IpOz60PR5TxA96ZM9R9Ij3WTTppjvld+8i0PbIliieTfnPiUr0EjfLb3KBeR3rOd7yg1jnaFpKe5A4S+SwNJFzZY+pbsne02IPiNyz2I5Bylim0aiho2yu3y0xMD/Nmh94VmKdxNgz6k7HSv0LmN97SrhmlD2mc8UX7mYKs5GMHkP9X5gqadzjZrJ2smbfsuNkrluMYHWYRLPDUNB5qR0ZeAQDY2vrwK9JUgbHigY80zbjoAPAcSL8N65dyjxNtiBGvyztfevU0monk9xwZ8UYe05ZSxSzaRtLvBSTS1Ld8TvJaTIFC2sqJA5oNiukHAKYjWNvkuyUknRhFOjh7o5W72OHuSqKXmcTpJH3AZK1x9xC7NLlileDeJvkuXZhoGwZpipIm2DntaAO8oUkwlaNjyh1QxbDcN9HaTZ7nXPgsCMOqPorpOfaduHUWExxMG5wPkFjW1xbvjSV0HCKn0CoA6l1VVVxOWneN617a+M9aMrJYgQ6vlI3bSqN2EmdWy8bf+HvHv10o/1RrkdruXTMExWCLkRxnD3H5eWpIa3xLD9hXNtkh4uOKqPkiQ96DIWBw1Tfok30VewOaadu7cl2b2J7g2mfNLK0XI0TbNHK+qrcw7TgqJvXRdoEqY5wClUJ2ZJD2tsogKk0nXd4LM2YU0F3EhMGMtVoWdybexuydExEWNwKeFlGjBMlgpXMyAdUpUVuEkKJISJiLqYQRvChTfPISE2OxOaHdJTWGJ3Yq8C6VYoAs+Zjd2Jt1GDuKhB8jdzinG1kjd+qZIt1K8btUjm5G8Cn2YgPWapDKqF++yAIQe4bwliUKdswyDSybfRtcOiUg5M/I+07j4qbhjNrnHHuCgzt2Kh7TwKtMLFqZx7XK30Qux57QE3s3T8mqa1txUlEGvFo2d7vsS8Ebt4iGnixybxJwDYgSBqeKdy+QcUYRr0HbteCr9pPk0TqVvYkGhaeCt4cOrak2goaqUn6EDj9drK4psk5hqACMNMbTxmmYz6r3+pZWaGNdQA8Ew/Dh2Loh5PcXaBzs+HxeMznfBqU3IEn47FoB+qgcfiQluHRzJ2Hkbk0aN43Bdeg5P8NuOerqqT2WsZ/NXVFkHLbbF9LNMf0tQ7/psnuFRwQ00o12SmnDY3lo8XBenqbJ+WYACzAsPJHF8XOH/AFXVtT4bh9MQYMPoorfk6djfgE1IOTydFS1M+sNJUTDtihc74BFPSVNOL1FHUwjtlge0fWF7AErgLBxA7AbIGVxBBJI7Cbp2hcnjYc2/quafAoGI8F6xr8s5exUEV+B4fOTvc6naHeYsVma3kgybWAmGnq6Fx/8AT1LrD3O2gi0B5z5tyItcF2mu5DGanDcxHuZV0wP+phHwWaruSDNtJfmqejrm8DTVIBP7Lw1MLOcG6RIegVosTyvjeFAnEMFxCnaPXfTuLf3m3H1rNzPZfZY4E33A7k6FuEw/OKTcpqhZzlRbuKsvRSnJ8ij0QXC7VDIsVbPpy0blVSaOKENio9XJ42RUcfOEqUaZDEiIQi1CkOpyEgwuQMa2in79EeCaMZHBKc4NABUTRpjfY1Vn5MeKjNTtS8FrQDxTbAVUfaKTuQqyTxSkktG1cpgwwUpELBC6Q0w7ItlHdC6Q+CKClbSQEauiLFbSPaSboXQFi7oXSdpHtJFCrlEToiuiJuEBYL34pJ1Qse1HY9qZAlBK2QhYBOxUAOsnGuJCbulNJSY0Oe9C3ejax7tzSpkGGTznq6KHJLs1jBy6RCsPFORxveQGMuVp6HKpeQZPJamgy3DEB8mPEhcuXWQh1ydeLQzl3wYOjwCsqyOiQFpsNyQ1xBmuT2LbUuFRMA6IVxBTNA0C83Lr5y4jwehj0WKHL5KHD8rUlMB8k2/sq/pqGOHRkbB32uVMZC8bmn3ApZilBHQkP7K4ZTlLlnStq4QlsZA3u8BonWsB3jzN0gwzfk3+8FBtPKfxZ/dWdMLXyPBrG+s0eFk4C36Z80yKaX8m791KFNPfRjv3UU/gluPyOdDtB+tHdnC/uCb9Hn4sckOhlA1uPentl8CuPyOudpoCkG/EDzTJb2vASS0De8lKmikkRMScObGyLm9kjKPQxaqJN9pg/iCeqtYS0Gyx1dnKnyn6TIxzKiukZsxQh2433utuH1ldGCEpvbFcizyjHE3JnLs2H+22NH/j5v4yvS3Jub8l+Dj/AIJ4+ty8rVVTLWV01VO7ammkdI93a4m5XqTkvdt8mWEf5eQf6nL6aSqKR8tHls8wSu+9WjsVnhZ+RCpHuNnN7CptDXCEbLty6GjHyX7naKjxU3I8VaxVEczdHBVmLNtY96ldlPoewVXknzTvBUODnRXUkg5o+CT7CPRlx/eTfbScQ0qj4Iwf6wb7aLEPwk+CryIEf4C/2lFdvUqMj0F4/OUV29NAXmAv2Y5fEK45wLK0dYaZrgOKfdich3JNWxXRpOcb3Ii9izJxCY+smzWSne8pbR7maKQxnfZRZGwncQCqQ1Dz65STM7tKWxDU2idVbIjNjxUON5AISOcLri/BBm8pqKXAOTbsdadRdS6KuqMPqBPTSbLwb2O4+IUF25Ja9wIF0pQUlTKhNxdo3kfKbjscYZHTYc0DiYnO+Lkl/Kdml3zc9HF7FIz7brDCZw7Ern3dgXN9HiX7UdL1c33Jmrl5QM2SnpYxIz9XFG34NUOXN2ZZuvj2Ifszlvwss+ZXdySZHdqtaeC6iv7EPUN+WWk2LYjUfP4lWSe3UPP2qG9webvJce1xuohce0orntK0WNLozeVskjYAuGj3BG14cTYWsm43jmtjiXXSmaOPiqqiXJskslcGgbVh2BK2+0kpDGkhLEfesnVm0XKgbfihtngErm0YjCVodSEXchZydDe5DZRY9oyWE70ObT1keyjcGxDQYAlWCc2ENhTZW0RYIWS9kI7BFhQ3ZCycsENEWFBxC109FrIe4Jtp1KVEb7Z7lLNFxwCY3nefAfUEcUT5pBHEx0jzua0XWwoeT+tqajbqnbDHdLYbobHtK32EZVosLjaIYmBw3m1yVx5dbjx8LlnXi0kp8y4RzjC8jYlXbL6gcxGeHFbrCMh0FEA58Yc7iStdHAGAbLANOxPhtu5ebk1mTJ5pHXHDjx9LkqpRQ4TSl8ro4Y2jedPJYfG+UOJm1FhrATu51w+CqeUysq2Y/wA0ZX+jlgLBwB4rCm7he5suzTaOMoqc3dnPn1UotxiWVfjlVXSl8873uPeobHTzutGDc9il4FhsWIVoikdY8G9q6pg+UqWFjbQgHvsujLnx4PtSMsWGeb7m+DnuGZWrqxwc5ha3tK3WD5Qihs57QTxsPtW0pcHgiAtEz4qyjowB1L+DF5uXVTycHXGGPF0U9LhsNOAABpwv/JWccYaBsxnyspJDIhdxawdrjZQ6jH8Fo7+kYvh8Vvp1DB9qwUHIJZSU0yfRaPEkpV5fpD3NWen5QcpwXDsdp3kcImvf8Aq2blVyzF836fUH9HSkfxEK1gyvqLMnlibM7fF5HkEVjxkd+8Vz2blgoG39HwKuk75JmR/C6rp+WCvN/RsCpY+wzVD3n6gFqtJmfgj1onUtgePjqj2R/wDhcZn5V8zy/NjDqcfmU5d/E4qqqOUHNtRfaxudg7ImMj+DVotDkflCeoXwd9EL3bmOP7JSZLQgmV8cY7ZHtb8SvOEuP41WSj0nF6+W+8OqX28rqqleZLPe4vO0dXG/Z2raP6e33IzlqqV0ekanMmAUZPpOO4bGRw9Ia4+QJVZPyjZSp9Puq+Y9kFM9/wBll5+EhGg08FIYx0kjGX1c4N17yt1+nQXubMHrJPpHZ5+VjL8dxBR4nP381HGP9TlXTcsTB+C4BL3GesYPqa0rDHAObdZ8uvHZCM4TTxi7nPOvbZWtFhXiyHqZmol5XcXefksMwyIdr3SSn4tCr5uUzM0vVrKaEfoaJg+t20olLhFG9t3RXPe4qc3DaCONxFNFcNOtr8FotPhX7SHmm/JRVWfcwVIIfjVe6/BknNj/AEgLa4VgjKbLmA5nxLEaqqfXzuDoKh5dGG7L7bybno3XIWDULsecHOpeQ/JrmaEPjPnG8rX0oLhIz9SXk1FJWUMAD6SOnhcR1omNafMBY7O0wloJyDcnVYCDMddCAGyO070dZmCprYDHLrdNYmmJ5E0bDkxAEk5PaunOmAK4Tl3MhwR7rMJDuxaf/aMwjWJ6JwbdjjNJcnTjKC06Lk+Kxtl5TaBrhoZ2XHvU0co8VvmnrH4lj0k+YY8UhFnxuDm37QiEGmE5p9Has84HHiUVG4yuZzZNrd//AOFy/GsMGHRPMdRdzdbFNYtyh4tiscbHFsbWfR4rNVGIT1TiZZHOvv1Vxi0Q5Jj4rpu0eSgTvL53OO8pQem36vVpEtl/hbnvwuSG52C69lBqYbSgAK7y3Tc/RSaJ6XAJ5ajabYBQ3TLStECGAiNvgnObKv6fLk7mgFwCnMywQOk9TuK2mMq2Wp3+CoW9ddBxvAm0uGzSB3Vbdc/b11UXaJa5AFbYGyJ9VJzpAbsjeqpgJTjbtcd4SZobcU9G4Wu1QMRoYRA58ZGnYs3zzx67vNA1EtiOcdbxUqLCxFO8MqgXbgVpYailewAkLHvdZ5JNkqOR7iAxxcexuvwV0ZmxNNTTdUtWbxSAQ1xa3cpdDhWP1RAo8MxCa+7Yp3287K4j5Pc3Yg4PlwzmB21EzGfVe6m0u2Uk2Z2npZZm3YzaHcnH0k8fWheB4Lb0HJjjUDtqbFMPp+1rXOkP1ABaKmyNHGAKnGHSHjzUAHxcp9SPyXtkcfdpoQkO3Lu0OR8BeBz0c9R27Tw34NVzQZKyvTuDmYDRvd9KZpkP+olG9CcWebQ9pdYdI9g1Ks6TA8ZrreiYLiU4O4x0jyPO1l6lpKKmpGhtLS08DRwihaz4BTbuI1c4+JT3IVM82UnJrnSqALcDlhB41E0cX1F1/qV9Scj2bJADNWYXTdzpnyH/AEt+1d1A7kEbgo4vFyCSSyGStzIwOO8U9IT/ABOVvTci2C0kYbNjGJygcGCOMfAldPduUeXck5sFFGAPJllaAdKCunt+VrHf9Nky/KGWKfqYLSuI4yF7z9blsas2aVnayXpEA+ZU7mVtRUSYZhVObw4VQx24tpmX87JcUzItIwGDsYA0fUkTTa/yTHpIvr7zZUJl9SShzrm7j2uuVfU0rdm3wWQoappdYOWgp5uhfd/NSwTJdZIHMO66qHvs/R3enaupIB7FVuqSXcfFKhlrC8kq5o9QNbrMwVJB36DRX1BNtAIAvYjongVFidoFIBTQhy6K6K6K6YCrotpEgAexFgC/ciJStglHzfegBtsj2DouLfA2VVieA4Ni9/ujg+H1RPrS0zS794AH61c7AQ2WjglbQUmc/qOSXKFTIXw4fUUTz61JUuaP3XbQVTVcikZucPzDOzsZV0zXj95hHwXVtqyG0VW5htXg4dWckOaYGnmDhlaOHNTmNx9zxb61gcV5Pc34Y57qnLtfsA9eGPnW+bLr1gCUprng6EjwVKSXglxbPGtJ96TOhqWPhk+jK0tPkVPcRa43L1tVUtPXxmOtpaepYd7Z4mvH1hZmv5NMnYhcyYDTwvPr0jnQn/SbfUnuTFTR5s2gk3aV22v5EcGluaDFsQpTwbKGTN+sA/WszW8ieNwkmjxfDqkcBK18Lvg4ItfIcnNyGlVeIaTW7lvKvk1zfR3vhBqGjjSzsl+q4P1LGY1heJYfUn07D6ul0Hz8DmfEK49ky6KnirARggG3BVw13a+Cs2uGyPBVImIgsAUabQ6KW4iyhy6uSiimxDHOJtdLe4tskxNvcpUwtsqqQrYphu26G2EIhdiQRZKh7mMbSPaW7p+SvFZbGSYM/ZVrT8kD3W52sk77ABYvPjXk2WHJ8HL9pDaXZIOR7DxbnZ53ft2VjDyS4CzrxPf7UhUPVY0V6E/k4VtIbY7V6Hg5NMuxW+8Yne1qrKDJOAQ22cOpv3Aoesj4RS00vLPNAdfdr4JxsU0nUhkd4MJXqOLL2Ew9SjgHgwKZHQ0UQ6EEY8GhT9Z8If035PLUOD4pP81h1Y/2YHfyVhDk3Mk9ubwWtN+1mz8V6cDadu5jR7kvnYhuASerl4Q/p18nnCDk0zZPa2FFn6yVo+1WMPI/mqW22yji9qa/wC78alg7Ek1jRxUvVTH6ETicPInjj/ncRoY/AOd9gVlT8iE4tz+Ns/5dP/MrqzsQATTsSspefI/JSxRXgxNFyOUEBBlxSpl7hG1v81fU3JvgsAALql1jxlA+AVk/FnC9rqHPjMzf/wArNuUuzVNx6J8OU8FpyDzV/alJUtuG4TAOjBD+6SstJj8zb6jzUZ+YZj67UvRvwDyy+TbbdDF1Y2jwYEPTadu5p+pYCTH5fyvko7sfm/KOKtYiHP8AJ0b7oQ9h80RxOLs+tc3OOVDt10bcSq5DpdP06FuOiHE4+7zTbsUjHELDskrZe1SmUdXJ1nOUuKKTZqH4xG31wo0mOxjcbqqhwiQm7y4qdDhTWkdG6VRDkS/GJpPm4yUw6Svn4EK4jodnc1SW0jhwRx8AZyPDax8rXmRwIN96PMGW5sbpg6mxKpw2saLB8Dzzb/aZ9o18Vp20rk62kKXm6HfFWed8ay3mmir4aXE6qXmp5BGyqkqHGDU2Bc7gPEJGaeTbHMq4OMUxB9I6EzNiIhkLjdwJB3DTReipsNjqIXRSsa+Nws5rhcH3LGZ0yRiWK5YOF4ZXFtPHKJmUsurbgGwDt7Rru3LqxahKk+DlyYm+U7POJ669R8k79rk1wsdjJB/qcvNWKYPiGC1hpsRpJaaUHQPGjvA7j7l6K5IJg7k8o2cWiUf6nrpyNNJo54Jps80P+cf7R+Kc9HeW3ASD847xPxV9TRtMDTbguhujFKykY+WB2lwlz1LpmAO3hXE1Ix7ToqSoi5qQhJOwqiwwo2aVaPcdg+CrcI1CuHtHNnwSZS6MuD9+tP5yVXn5e/cktF69o/PS8RFqi3cmIYYTzZHBNu3qUyMeh7fG6jO3poQGRuebNFynRSTH1SpeENDqh1+xXwhZ2JN0NKzMigmPBONwyU71o9hg4I7NHBLcOihbhLzvJTgwcjervaHAIi5K2FIoKmg9Hgc/3KCzeVfYsb0DvaCoY96pCHC0kaC6aA6an0rA/bv2KNUM2Ki3cgRHQupNHTCokLTwVm3CohvCLAo7lDU8FoPubCPVRmhjG5oRYynjpQ5oLiU4aZoGgU6WDY3DRNW0WMpuzpjBNEUQgHQJpvXd4qwa1V4658U4OyMkaomRC4Toam4R0U7srOXZtBcAsEeiFggLdyksGiF0rRESEAJ2u4otp1wA3elXRA6jemIVZx4obPaSla9iIg9yQwtkd6KwR7N+KPY8UBQmwujDe5KtZBKwSEk2BS6PpPDfpOa3zKblPRPgjozaWM/pG/EJ1wK/uPTT4WMk0Zru3BKG7RqlvEZdfabqi+SG9w8ivmWuT11Pgj2cfVQ2XdgUrbiA4n3JElTBHG57nFrWi5JNgApoN7+DHZqy3SYvTvE0fS3hwOrT2rjWI4czDq6WmI1Yd+64XR84cpcQ26LAtmSTc6qIu1vs/SPfu8VyuR0tRK6WZ7nyPN3Oc65J717Oix5Ix+7o5NTOEqpci2yc08OY5zXDUFriCPerOLNePQMEcOM1rWjcBLe3mqkRI9i3Yuxxi+1ZzJyXRbPzVmGXrY5iJ8Khw+Chy4liM5JmxGtff6VS8/ao1h3lAADgEKMV0gtgc0SG8nTPa4k/FBscberGweAQ96CYCw4BL20ygDwARQ7od5xJLykuDmt2iDZRnTi2gTUGyJZEvJJ2km5W45Psj0ma6apq62rnjjgkDOahABdcXvtG9vJbiHJuW6CokZHhcUhjdbanJkP1m31IaonffRxKHpPIaC+S1mtYC4k+ARVdBV0UEBqqaaAyXLRKwtJ3XNivQMcdPSt2aeGKFvZEwN+C5ryqG9Vhjt92SD6wnB8kzdo56N6sY+hUwH9Iz4hVresp9U4xlrhoWkELZmCL7MGJPgxJ8UZsGgXVQcQlkIu4lRayrfXVklQ/rPN1YZeihfi0fpFtga9LcmltiJu5EylfWPaNhjz4AqxbS4k+Jx5iWwaSdO5bygfQgAMEdu6ysax9O3Cqpwc0AQv/AISsnk/Bosf5PPLN67Lnsf8A0Oyl3Oh/+09caj3DwC7tj1I2v5HspxOF23hNv+W5VJ00SlaOGXQ2lvZ8BpWNFoxe3Ys7iGGthku1ungtFJMhxaKS6G0Vo8OooHt+UY33q2ZhdA71I/cUOSQ1Fsw20UQNyuiswCjlHRpC72YyfsWXxjLOJUtfM6DDao0twWvbESLWU+pH5K9OXwVNPAaidsTd7irmPLchGpUPB4JG41TxyNcx21ucLHd3roQjaxuuiUp10Cj8mRGWjbU2Wcq4+ZrJIh6rrLf1mL0tMdi5e7iG62VjgXJpgGZKg1AzhHI+Q7TqeGAMkHdZ5v8AUlHIl7huDa4KfJ5YzDpnvIAG8lWZxuhjd84D4LpWHclGXMPpuZca6dpNzzs+zf3NAVxS5EyvSEGLBKUkcZAX/wARKhyTdlRVKjkseaKQWDWveexrbqbHimIVY+88GxGa+7Yp3EfBdop6CjpBampKeEfo4mt+AUguPafNSM4ViGA5xxmjkghy7Uxh4ttTOaz4lUtNyMZvkcDKzD4B+kqrn/SCvRhKSdU9zXQbbZwum5DsWFjUY1QRdvNwvefrsrOLkSoWgGqx6rkPEQwMYPrJXXXNvvTbmNWbnI0UUczi5IMsQ25x+Izn86oDR/paFNi5NspwajBxJ+umkf8Aat05jRwTR2RwWUpy+TRRj8GXiylgNKQafA8PYRx9HaT9d1NjpOYGzBDHEOyONrfgFbOe0cE26doWbbfbLVIr3RVDt73nxKadSyO33U99YwKNJiEY4oSHZBfRPPajjoXXS34pGOKEeItd1VaiyHJE+mow211aQxtbbRVcFQXWVlCXFaoyZMCWE00FOgLREMNEUECgQhxUSYmylOUaUaJMpFTVvLQVm60Fzjr9S0tUxxvYKjqaSZ5NmlK0OmZydtvW3KMHtBuTdXr8FqZfVRx5Ylc67in6kUHpyZAoXjnBp5rSU9yy2vvTlFl1kVid6uIsOjY21lDyJ9FLG0ZqsY6/eqh7ZdrRrlvJKGI723TYooWnRg8kvUD0zJUtNO4glhC0lBTytAuCp7II27mhTImgWsjfYbaDhidYXUkR96DU4FoiGEGJQaOxGjVEidlHZGj0QAmyGylXQugBGyhsBLuiRQWI2Aj2QErVFZFAFohdCyKyABtJLnFGkOISYxqR5HBQpp3i9gpUrwOKhySsG9ZSZpFFfU1D9eiqiprqprS1oc5v0TqPJXkk0XEBR3zQn1B5LNyNFAwOK0eH1pJrMBoZXH1jTgO822KyFblXB5HEw0ktN3Rzut5OuuzPdTuGsbfJQp4KF4N42e8BXHO0J4LOITZOab8xWSjsEjA76xZVs+UcSYSWGGXwcWn6122opaEbo2eQVPVspWE2aB4LaOdsylp6OQHAsUp2nbw+cjtY3aH1Kuqo5I32kikjt9Nhb8V158tOw7go0tVGRYXc3sdqPrWqy/gyeL8nLYBeNJcw3XRZaTD6knnMOgcT6zY9k+YsoUmW8MlN2xVMfcyTT6wVSyITgzsJrRwICT6b+cs0KqQninBLKe1eVtPStGi9OH0kPT2jis+BM7tTgilPFG1BZd/dJo4ofdPvVM2neTqSn20jylSCyx+6XeiOJd6htozxKdbRt4o4HyO/dElGK157UGUrAnWxMHBHAcjYqZDwRGaU8FIDWjglBgPBOwogPmlHBRpKmYbgVcina7gnG0DHb2hNSRLTMu+oqTuBUWT0uTg5bZuGR/RCcGGxD1QnvFRz44fWSncQjbgFU7UkrojaCMeqE4KRg9UJ+oxbEc/jy1IesSpkeWBxC24pmDgEsQtHBS5yZW2KMlDlpg3tVlDgUTPUCvxG0cE4GtStsLRVRYVG3c0KUyhYPVCmABKBSCyM2kaOATjadoO5PBGCmKxIiaOCVzYSro7hAhIYEeyjuEe0ECCslAFJMjRxSTO0cUAQsUwLD8ZpX01fSRTxO3te26o8Ly9JlKnfT4W18tD0yIXOu5l7nQneLnitT6QztCDqiPiQqjJroTjfZ47xDDa3C6t9PXU0lPMCejI23l2q1pXfIM8F6Qx/A8Gx+mdBX00Uo4OI6Q8CuQZh5PqjB3Omw6Q1FMPVPWaF349TGfD4ZxzwSjyuUZUnRUmJC0yuHbTHFr2lrhvBVPiOsgXRExZJwk2Vu93yZ8FTYWd6tXHoHwQ+wXRnmfh7fbS8S1qR4Jtn4aPaTmI/hA9lMRqsoZExDN2EzSUcscZY8saHg2cQL7+CxkzHRvcxws5pLSDwI3r0hyFwsGSWSWG06qeSf2l5/wAwM5vMGKM3bNZMPJ7lEJNyaZUopJCMINqg+Cvw5UGFfhCvdlUxIPaQuhsobKQAuiNylWsggCBigIoXe0FSR9b3K9xf+7z7QTmRsvtzNmeDD5DaIsdI+3YOH1p3SsKt0QcOFzIO4KLXC1UPArpGe8lUWUa6gdRF4ZWxSFzHG4aWFu7x2lznExapHglF3yDVcDmDW5x5KuC9U+ENJ27K1DCmxIXtobSIRlDYKQwEB29NSUrXAlpsU9slFsO4KJQvk1hkceCvdG+J1nCyrB1z4rSGJzhYi471m3aSO8SjHFqwyzUkqLCEDYBunC2/FJpmukjGw0u09UXTzI3P1a0nwF1k7s6ItUhvY04oubF+KlCmm/JO8kPRpfoEJcj+0YazRHsBPcy8bx9YSSAN5HmlyUnH5Gi0BJ0BGiccWjiPNIMrB2eaKYm4/I5bw8kNnuSBNfcAhtu7QEUw3RF2KIjtKTtX3uRbTO26KYnJCuh23QuBuaT7knnGjcj2ydzSU6FuQ3MeifBJgNnM9ofFJmdoUUZsAexWlwZt8nqWxsNddPgjsePxXPY+VzCBTNL8PrhMALsbsEXt23+xZbHuU3GsV2ocOaMNpjptMN5XD2uHuHvXz8dDnnKmqPUlqsaXZ0zMOccIy6wtqZecqrXbTQm7z4/RHefrXIcx5zxTMbzHM8QUd+jTRHon2j6x8dO5UTYTI8vkkc57jdxJuSe0kpwMgZvIPiV6eDRQxc9s48mqcv5DA3XSPSY2+u33Kx5yLmXta5ty06A9yzw3tXbHGn2c0szXRaROM19i5snXwvZG55GjRc6pqg0YT3qRWTWo5b7y2yr04k+tIhwyia5DSAO0pwnZ7E1BaOFo4kXS4wZZg0dqNiF6kvk0eD4PTVVK2apDy5xNgHWFlbtwXDWC4pWk/nOJ+1N4eRFTRsHAKYZhbepaQ9z+Spr8Lp3wuZFDHHcb2tsQslV0FTSuO00lvBw3LdySNIKiSbLriwIVRdEyVmH52UjZLyR3pLm2Zdaerw2llBcAIn9o0Hks1UPDC6Mltwbb1dp9EU/J1bkkx+hwmixRlfUMgjcI5GuebXIDhYd9lGgz8TWVs1WLNkftxtbrYG+nlZYagjrX0D/RKaeZxc0bMcTnE7+wKZS5IzdiLrw4FWgHcZI9gf6rLJ7fJqlLwaublEgPzcMh8Vlc05i+7xpTzexzO1x33t/JXtFyNZtqrGf0KlH6SfaPk0FX9HyD1BsazHo290FOT9ZKnfji+ytk2ciZ1grHENWXC7PSch2BRWNTiFfOe4tYPqBV9T8luVYC0uoXzbP5aZzr/Wk88fA1hflnDMOw+FtO2SXZ2nC/SKenw/niPRWOc/hzbSfgvRNLlnA6IAU+FUbLbiIgT5lWcbIohaNjWD80WUPUvwh+gvk830ODZseR6LhWISDgeZcB9dloGZTz9X0z4TQtgY9paeena3Q+8ldzL28TdEZGhQ9QylgRwSm5EMxyWM1bhsPdtvf8GrrLMrPdk/CMDmqmh9C1gdKxlw8hpGgO7etAZ2hJNQFEs0n2y1iS8GXbyf4cTeeqqpO5pawfUE6OT7LY1kw/niOMsrnfatAag8AkmV54KHkfyXsRXU2U8AozeDCaRp7ebB+KsGUVLELRwRMH5rAENqQoWeVDd9lJUK5qMcAhzUZ3gICNxQ5pyVDsi1WCYbXN2amjglH57AVm8S5MsFrmkRPq6Un8jObeRuFrxG4JQDwmrXQnz2cgxDkcrobvw3E4piNQyoYWn94XH1LK1+UczYTd1Tg9Q5jfxsA51o8tQvRYc7iEsEHeFqpy8k0keb8Pznj2EPEdNi9bBs/ipHlwH7L7rXYbyx43BstraeirWDeQDC8+8XH1Lq9dgmGYowtraCmqAfykYJ896yeIckWWawl1NHPQvPGnlOz+6bqlILi+xeHcsGBVOy2tp6uicd5LRIzzbr9S1mH5owLFgPQcVpZifVEgDvI2K5LiPI5i9Nd2GYpBVN4MnaY3eYuFkMTytmPCDeuwao2W/jYm843zbdUpMXpxfR6euCLjciK8t4dmzGcKfs0eK1cFvxZkJH7rrrXYdyv4/TgCqZSVjRvLmGN3m3T6lW5+SfS+Gd0ISCFzai5ZMPkAFbhtTCeLo3CQfYVoKPlFyzXEBuJxxOPqzAxn61LaYbJI0jmXTL47oosQpqlm3BNHK08WOBH1IzM07isnRSTGHwEqO+lJUsyhIMzRxUl0V78PLuKZdhTTvJVg+qjb6wUZ9fGOITTYmkQzg0R3p6HComHRA4gzgU5HWgnQq1ZLSJ0FKxlrKdGwDcoENQHKbHJdaIzZICUmw4pQJWhmKQRaoigAjZNPaEtyYkcbKGUhp7G9gUd4YOASZ5SLqsqapzb2KzcWzRMsC9g7EYlZ2hZifEZg7RwTAxGoJ6wS9Jsr1EjaRzN7U9zzbb1lKSrleRtOVsx5LdSnsonfZNnrGMGpCgPxWIHrBQq43B1VSWja3q440yXkaNLFiTHnQqygqA+yytI0AjVaGjAsFW1Inc2W7H6J0OTEe5PNVIljlyhqiBR3TECyNJuiugBaF0i5Q1QAu6G0k2RWQAraQ2kmyOyABtIro7IkgElNvTpTbgkxoiSi6rpy1u9WcsTnDQKI/Dy/eFlJGsXRSz1LGXVVU4oW32GknuWpdhDT6oTf3Fj4tHko2mm8wk2IV8hPNxFQ3txabtaukDCIRwHklfc+nYNQPendeAts5rHhOIzEbbypkeWJpOuSVunvoKfrSRj3qM/GaBmjNp5/NaVLy0UoN+DNRZQj3ubdTY8qU7RrGPJWTsae75mkee92iZfiGIydVsUf1rGWoS8msdPJ+BpuWqZv4seSebgVGzRzWBRnurH/ADtaWj80WUKV1BG75erc9350ixlqkbR0rIPNxtPBLDox2KpkrO9N+kucurazm3IvWzRjsTgqGKhbM8p5sjzxQ4gmXHPtultqR2qqZtHin2NKW0dlkKgHilCYlRIwOJUhhYN5CVDsfa8lOhxTTXxD1gnBPAN7x5qR2OC5TrAUyKumbvkb5pQxCkH41vmimFomRhSmDRVgxSkH45vmnmYrSndK3zRTFaLNqcbYqFHWwv3PB96ktla7UFVRLH9lDZQa66caO5FE2I5sobFkp7y0aBQ5qh7ATbRDpDVskaI9O1UsuMxxEhxUKXM0LPWQk2D4NNtAcURlaOKxc2bY27iq2fN7tdkq1jm/BLnFds6Iapg9YJDq6NvrBcukzVM69nFRJMy1DvXKpYJsl5oHVnYrC31x5ph+Nwt9cea5M/Hqh3rHzTDsYqXesVa00ifXidadmCIeuExJmSIDrjzXJ3YlUu/GFNmsndvkKpab8k/UL4OovzPGPXHmokua2D1x5rm/PSne4+aTd53kqlp0L6h/Bv5M4AbnqHLnCQ9VxWNAPFOMYTuBKpYIIh5pM0cmaql24lR35hq5dCdFWx00r+rG4+5S4sLqn7oXeSe2CDdNldX0cGIAuewNefWaFjMZwWrp3bbWGSMes1dThy/WSeoQp0eUKiUWfoPBNZox8ieGUvBxPDei4g6FWzj0T4Lq7+TSmqWkyMAd9ICxWWzByd4phUT6ijDquBouWAdMDu7Va1EJOrIeCcV0cwb+Fj205iPz7fZSBpVi4IO3qCl4j86z2VuYHorkMP8AYNndVSfFcJzZSkZtx382vnH/APEK7jyFu/sM8dlVJ8QuRZ1jEecswt/46Y/6iVjj97NZ+1GbwvSpCvxdUGHG1U1aEELVmaAAULFKDghthIoRslK5slHzgR84ECK3GWltBf8APC0/Ijb+n7b6/esnxaszjbw7D7fnhaLkVdblDhHbTyD4KZe1lQ9x0DlwAFbl4Diyp/6FwzFh98+5dt5d5RFWZccd2zU/9C4fiMoln2gnj6FPsmYE3aEnirsRhZWjrpKLa2ADtdql/dqc7gFTTJTo0GwEC1oWbdi1U71gEy+tqHb5T7kbWPcacmMbyEkzQt3vb5rKumeetK4+9ILxxcSjaLcal9fTM3yNWWkdd7iNxJRbTewoEtI3JpUF2PU0phMkrTZwYWtI7Tp9pUqlrzSQc3GN5u49pUAGwAR3QwLB2LTncU27EJ3esoep3BKDJDuYfJLgLY+auY+sUkzSHe4om0059QpYo5uOiXA+RsvdxciOvG6eFGRvcgY2R6A3KYCWOsALpYkHF1kxtBG8jo+CVDsf5yPiXHwShNHwjJ8SotwrKn5vmxayW1D3MQ2SY9SID9lG4Vbt9/NSg5vciLx2o2oNz+Svl6uu9HHuCbnfojjeBa5A96jwXfJJJDQmnzHS2ikzYfW84I20sznWDrMjLt+o3KRBlTH6q3NYRWOvxMZHxS3RS5ZW2b4SItO8u3nioTnEOPiVtMP5OM0y/wDluwDxfIArSl5FsenN6mpp4QTuB2ip9fGvJX0+R+Dmu2kDeF2uj5DYBY1eJyv7QxoCu6bkZy7DYyCaUj6Typergukx/Sy8tHEKKwgBuBqd6TXXkY2OMF5J1DRf4L0dRcnGWaO2xhsJI4uF1e0+A4XTACKhgZbsYFm9U/CL+nj5l/g8rRYVidSQIMPqpOzZhcr7C8mZhkIcMJqR7QDfiV6XbSwM6sTB4BObLBwCh6mb6oaw4/ycPpMh5mlaAaeGEfnyfyCtoOTHF5Pn8Rgj7mMJ+K61do7ERcFDy5H5LUILqJziHkri/H4pO7tDGAKfByX4IwgyuqZj+dKQPqW3MgSedUOUn2ykl4SM9Byf5ahIP3Lhee2S7virOny7g1KQYcMo4yOLYG3+CmmXvSTKpsfI8xsUQsxoaBwAsj229ij7ZKMbZ3ICh4ydgSTK5I2HlGISd6fIuAGY9qSZHJ0QpXMhFMLRGL3lF8oVMEQShGOxPaw3og7MhQ5pxU/YCPYHYjYLeQRCUsQKYGhKDQmoCcyKIO5KEPcpNghoq2InexgQ9yMRdyfRqlBC3sZ5vuR7BTyCexC3MZ5s9iHNnsT6CexC3MZ5ruQ5hP3CO4RtQtzI/MkbkYa4bwni8dqSZG9qNqDcxHuRWCUZWdoSTI3tCKGVWJZYwPFwRXYZSzk+s6MbXnvWPxLkcwCpJdRy1VE47gx+03yK6JtA8Qi04FTVdFKTOJ4hyNYzT3dh+JU9SBubK0xu89QspiOUM0YVc1WDzuYN74RzjfqXpe57QiNjvCLZamzydHXT0M3yck9JKPoOdGfJX1FygZio7D7omoYPVnaHfXoV6Cr8CwvFGFlbQU84P04wT5rGYryQZcq9p1I2eiefyT7t8ijcvKHusxkHKpWaCppAe0xP+wqxh5RqOp0dM+F36RpH1qlxnknxfDw59DWRVUY9Vw2XfyWJq8NxOheW1FJI0jeQLhXGMZdEyk0dcZjorBtQ1TJB+a4FLFTO89crijah0brjaY4cRoVa0eZsUpCObrXkD1ZOkPrV7aIu/J2CFs7yOkVb0lLLpckrl+G8pFTAQKqiilHExu2T5FbfCOUrAKjZZUOkpXn8q3TzCQUbWlgIAurOKOwULDsTw+vjD6WpilaeLHAq1Y0EaISJfAGtS7IwEFRAVkRSkkoAbcFGlBspTiFHkIspZSKmqB1VHVh+u9aKpc3VU1XIzVJFGbqOcBKYaZCVOqJGEnco7XDa0C1RmyxoQ/Terlm1scVXURuBorZt9ncoZSK2sY519VXcydrerqojc7gogpHF2qpMTQKWIgjVX1ICAFBpqUi2iuKeK1tFLY0iZETZPi6RG2wTwGiYmEAlWRgI0xCbI7I0aAE2QsladqS6SNu97R70AHZCyg1eNYZQtLqqugiA4vkDfis7XcqGUKG4fjEEjh6sJMh/03QBr0a5TXcumCREiioa2pPA7AYPrKzddy6YvLcUOE08I4GWUuPkAFW1itHeU2+WJgu6Ro8SvMldyo5yrrj7pMp2nhBEAfM3WbrMbxmvJNZi9dNfeHTut5BGwLPUmJ5xy/g7Sa3FaaK3AvF/LeqaLlXybNLzbcYiad13tc0eZFl5j5tu1tHU9p3onNBT2INzPXlJmTBsQZtUmI0sw/RytPwKkur6cC/ONPgV41aXRPD43FrhxabFdRypymUtFhLaXFnyulj0a+xdcLnzxnCNwVnRg2TdSdHb5MXib1QXHuChy4tO/wCbjA8SuXVXK7hUYPo9NPKfZsPrVDWcr2IPuKShijHAvddciWpn1Gjq26eHcv8Av9DsklTWSdaoDR2NUOUN3zVJPi5cIq+UXMlVf78bEDwjYPtVHU45itZf0jEamS/AyED6lS0eol7pJCeqwR9qs9BVOKYLRXM9XA230nhUtVyi5bo7htSJCOEYuuDucXm7iXHtJuiWkf01P3SbM5fqD/bE65Wcr1Gy4pKKR/YXaLP1nKti89xBBFEOFzdYJBdEdBgj4sxlrcz6dF9V50x+svt1zmA8GCyp5q6sndtS1Uzz+c8phBdEcOOPtSRhLLkn7pM6gyuBdqVLZiEYG9ZAVLuCPn5TxKzeFMaztGv+6sTeIR/dyJvELH3ed7ihbtcl6EQ+okbEZjib6wROzS0dUErHc5G3e4JDq+Bg6wTWCIfUSNY/NE56jSmTmGtdudZZJ+Mwt3EKO/HgNypYY/BDzSfk2Zxmud+PISTiNW7fUu81iHY/J6qaOO1B3FP0kL1H8m59JmdvqH/vIc4475nn9pYP7tVX00YxuqH4xP00Lezd3d+Vd5pbZJWG7Znj9pYVuPVI9dPsx+p7b+5HphvN1FiuIQHoVLj46q1o8511O4CYbbe0LnkOOTutdhPuVlDXOl6zCFEsMX2io5pLpnZ8GzfSVzQDIA7iCtH91KcR7RkbbxXn5srgQ5hc13aEc1RXzt2HVc2z2bRWD0zvhm61KrlHa67N+FUgPOVUQt+csji3KRh2y5lPJtnuXNThm2673EntJTjcKjG8qo6WPlkvUy/aizq83SVDyW31UB+OTycSlsw6IcE82ihHqroUIrowc5PtkE4lK7fdAV0h4FWApIfopYpYfop8E8kBtaeLSnmVDH9yleixncERo2HgjgORAsdyVsIhTPaeiVZ01MC0bSTaRSTZXiFx4JxlJI7c0q8ipohvsrKnhgFtAspZKNViszsGETSnqlWtNld8ltoFaKmMDbblawVEQAtZYSzS8G0cMfJnqbJ7CRtBXFLlOmZa7AriOpjHEKS2rZbesnkkzVQiiHDgNNHujb5KbHhkLdzB5JYq2dqMVbe0LO2UOMpIm+qE6IWDgEx6WztCHpjPpBAckrZaEl0bHCxAIUU1rPpBJNcz6QRQGKzjyXYdjkjq6jHotbvL2DR5/OHH4riWaMv4jgdW1lbTlrQLCVurXe/h4FeoxXx8XBVuLYfh+M0z4aiJjw4WIIvdbY9RPHw+UYzwRnz0zM8hTv7GTt7Kp/2LlmfBbOuYP87L8V2jK+GQ5PiqKelY400shkDQb7JIG7yXE85yPmzPi9RJE+MzVEkjWuFjYnRdeDIpzbRzZoOKVmYoPwpqv7FUOH/hTPFaKy6GYIbAKPZKcARpWMZ2SisU+kkBFjorMW/Av2gtJyL/AP6i0o7YZPsWexgfeP7YWg5GXW5SKLvikH1BKXtY4+42n/iIu05dI7Kj/oXDdsuOq73/AOIOn55mXfbqG/UwrhlTSej21unj9pM+yO7QJFydyfgj52djDuJV/HQwMGjAqbEkZwRyO3Nd5JxtJO71CtKIoxuaEsBo4BLcOjONw2od6qeZg07t5stACBwSg4JbmFFBNg5gp3yuffZG5VpGoWnxF96CQeCzDjqnFiZaUlDG+Fsj9S4blKFJC31AosWIwxwMZrdrQNyQ/FL9VpRyBYiKJvqhAvib2JnCKLEcwVopaMRhx3ukeGtHvXQqLkVr52h1ZjMTCeEMJd9ZIWU8sIOmzWGKclaRz59VGNyjvqidy7DT8h+HAj0jFa6T2GsZ9hVtTcjGWIrGSOrm/WVB+yyyeqxmi00/J5/fK47ymw4E6G57BqvTtLyZ5UpSCzBqckcZAX/G6uqfLeE0oHMYfTR2+jE0fYperXhFrTfLPJsWG19QfkaKpkv9GFx+xWUGTcyVRHNYNV27XM2R9a9Wto4GDSNo9ycEUTdzQoeqn4RS00PLZ5mpeSzNdTYmjjiH58n8lf0XIzjbgOfrYIhxDWE/au99AbgENsKHqcj8lrDjXg5FTcirNPSMUmd27IAVvTcjmCR2Mr55T+dIfsXRucCG2s3lm+5MtRiuooxcHJTlaEgnDY3n88l3xKuaTJeXqIgw4TRtI48y1Xm2UW0VDbfbKtrobjw+liADIWNA3ANTwjjbuAHuSNooXPalwDbfbHbNHAItpoTV+9EgVD3OBJMgTdkLBMOBfOhEZ0QYClCII5HwI58ojK7sKeEQShEEUxWiNtPKMNeVLEYSw0Ktgt5DETilCBxUwAIxZPYTvZEFMUsUwCkoKtiE5sZEIHBKDAE6hsp7RbhvZR2TmyEeyE9otwzqiuU8QE0/ZHFJqgTsTtoc4my8X3pBdfcpKof5wI+dCjiOR24JxtM/ibJ8hwOc6EXOoCmA3uR83E3eR5p0xWgueCHPdxQMlOze5oTMmJUUXWmYPegQ/wA8folDn3fQKrZcy4XFvqGear5894HBo6riB7C8JhwaD0h/0Ci9Jf8Ak1mmZ3o6k2pYpZu+ONxHnaykMxivqfmqF7R+eQEWwpF76U/6CQa147FWMjxSfrGOMdwJTzcInk+eqJD3A2RbDgelxZsQu97Qs/i2e6fDW6xzSE6ARxl1/JaCPA6ZurmAntOqksw2mZuib5JpMVrwYcZrxuupzLSYc5oIu0SaE+5UzMXz9XSubFh7IGg22pAbLrAgjboGAe5HsN7E6FZzBtHyiSNv6RRsJ4EKfS4ZnQxbVRW07ZPohu0F0HZaOxAlo7EUCZhPRs5xbpaSTxBCcjq81Qn5aiheO1kh+0LaGRoTbp2DsUjsyzcaxSMfK4fIPAgoOzQ+P52nlZ4tWhknj7lAqDC8EFoPuQUVP9Macb3WPemn5yhto66Zr8Jpqi9oRftAVBUZZe4kxhwVpQfZLcl0WlXmsytIbZZ2qqfSHlz9k37kibAKyE8SFENLURGzwVpGMV0Q5S8jdRQUVT87TRO/ZVZNlPDpvm+chP5puPIq9igL3AX1Wgw7LjqgBzibIlJRHGMpdHNnZErXG9JURydgddpUWoynmGjaXPw2Z7B60YDx9S73Q4BFTgXAKu4aSJrbbI8li8vwbenXbPLEdTWYZPtNdUUko4guYVqsK5UcyYbsj0tlXGPVnZr5hd5qsEw6uYW1NJDK08HsBWYxHkny1X7To6Y0zz60Li36tye9eUTRSYZy20zwG4lhs0R4vhIePLQrY4ZyiZaxTZbFiULHn1JTsO8iudYjyJVMd3Ybim0ODJ2faFlq7k3zVQ32qBtSwcYXg/UbKty8MW1PwekoqunnaHRytcDuIN05odxXlJtXjuX5bB9fQOHA7TB5blosN5VsxUNhLNFVsH5Vtj5j+Sq2L014Z6Gc1RpWmy5hhvLTSSWbX0csJ4uYdsfzWroM/YBiQHNV8QcfVcbH61DYbGWk8BcCqqponOvvVyyvpKht452OB7Clc2yTcQUKQOLMi/CXOcTYp2HB7HULVeijsCS5jI+tYJ7ydhXU2HhgGinCls3cjNbTxDpPaPeoVTmbDKYHnauFlu14CLsdUSX0t+CJtKL7lmqzlIy/TXBxCJxHBpv8FS1HK/g0ZIibUSn82P8AmqSZLo6RFAApcbAFxmflpaLinwuZ3YXvDf5qqqOWXHX3FPRUsQ7Xuc4/YntYWj0E0AcUoyRtHSe0eJXmKq5Tc21Vx90WQg8IogPjdUtTmHHa2/pOMVr77xzxaPIWT2sR6sqcawyjaXVFdBG0by54Cz1byo5Qobh+MQSOHqxXefqXmJ7DKdqRznu7Xm5+tARBOvyFM71W8ueAwgijpKypdwOxsDzJWcreXTEpSRRYRDGOBmlLj5ALlIYAlgtHFPgaizZVnKvm+ruG1kFODwihGnvddZ6szNmGvv6VjVdIDvAmLR5CyrTIztTbphwQn+AcflhPYZHbUhL3drzc/WlBoamTMSkF5PFVyTSRI2mhEZAo+0kl3enTC0SDJdILu9Ml3ek7Se0VjxeEgvJSLoap0KwHXii0QsUNkpiCNkRKVsI9hFoKY1dFqndlDZRYbWNWKGyU7ZDROxbRrZQsllEQUWFCbIkqyKyAL81kLPWCZfisbdwug3Cm8dU8zC4h6oRwZclfJi8h6rSo766qfuBV+3Doh6oTraGIeqE7QUZZxq5ODkXolU/1Ste2ljHqhOCGMeqEWOjHtwypd6qdbg1Qd/wWvEbR6oSwwdgSsDJtwGU7yU+zLxO8lacNHYlgIsZnGZeZxUhmAQje0K9CCVhRUtwSAeoE83CoG+qPJWKMBFsKIjKCJu5oT7adjdwTtkdkrHQgMAR2SrIJAABKDUi4CMPQAsAI7hIvdCyLChzaCLbASdlHsJWMUHhLDk2GgJYsgBYcU8yZwCYuENtJjRNbUP7VIjnf9JVXO2ShO7gpcS1Ivo6ot3vUpmJBnrLMh8ru1KEcru1ZvGi1NmqGOMZ66V/SNrdzlmGUrzwKkMoJD6p8ktkSlKReOzMeBKQcyTHddQI8Klcfmz5KZFgkrvUKlqCKW9iv6Q1J3XRjG6l3EqTFgDzvapkeXjxChuJaUitGLVLuJSxX1LuJV3Fl9o3hTI8EibvAUuSKSZnWVFU7tU6nkqrjQq+Zh0DOAT7YIGcAockUkytjbUyN1Vbi+VKXGoDFWQNffc61iPArWMfC0cEfPw9oUbq5TKcb4aOE4pyW4jhs/pGGv9IjBvzb9HDwPFUUkc1NKYamF8Mo3seLFekhzMpsLFUGbss0eJ4RKZIm84xpLHgatPcVvDWNOp8mE9Kn7eDhW0ENoKG2oaJnwud0mOLT32ToJXonAP7SIuTepQsUwIeLm9D+2Fd8kDtnlJw3vEg/0qixUWo/2wrjkoOzykYT7T/4SlL2scfcjq3LxHfD8vyfRqpm+bB/JcLxIXaCu/cuce1lvCZPo15HnG7+S4fJC2UWKeN/aTNclLQ/hTO5aFrgQoTKNsb9oDVSACE2JD90m6bBISwbpFB3QuUoNSubSAhVx+85PBZ4WLlpMSZs0MhWdgF5mjvVRExxtM93VicfcnmUE7t0JWniaBE3Qbku4RuDaUELZ6IAWLTe/ROoW5y7yoYzhDWwzvFbTjTZl0ePArL1NnTEW4KDNBxAXHOMZumduOUoxVHfMH5UsIxKRscxdSyO4SD7Vs6euiqYw+GVr2ncWm68p0VdJR1DJNhkgaerILhdBy/mekkewU9Q+gqPoOd0HHu4Lkywlj5StHXj2ZPwzuO2URcVl8OzK8NayuYP1jNQr5lZBLHzjJGub2grOM1LoJY5RfJJ2ihfvUF2IQMOsgTEmNUsY1kb5quSC1uiuFnpsz0jL/KDzUCbONO3qm6pQk/BLkl2zYbYCHOtHFYCXOd+o0qHJm6pd1Rb3qlim/BPqR+TpRqGD1gmzVxj1h5rl8mZK5+59lGfjNa/fM73KvQkL1onVXYhC3e8eaZfi9M38Y3zXKjX1LutM/zQ9IkO97vNP6d/IvWXwdOfj1MPxgSBj9OT1wubNmv6xTgk7yn6C+Q9b8HSm45Tn8YEsYzTn8YPNc0EjvpFK51/0il6H5D1fwdMGM04/GDzSxjVP+UHmuY84/6R80oSvHrHzR6P5D1V8HThjNP+UHmlDGKf8oPNcw56T6R80oSyfTd5o9F/Ieovg6d92Kf8oPNKGMU/5Qea5m2SQ+sfNLErvpnzR6T+Q3r4Olfdin/KDzQ+7NOD84PNc25130j5oCQn1j5p+m/kW9fB0r7t0o3yt80g5gpB+Nb5rnYcTxKMJ+m/kNy+DevzPRt/GA+CaObKUbiT7liQEdk9gtxsXZvgG5rj7ky7ODOEbllLC+qMBtuCNiFuZpHZueerEfNR5MzVMm5lves9JPHHvIUKbF4o92pT2INzNlSYtNLJ8o6wV9TYnTs+ce0eJXIZcZxKY7FFTuJ4EoRZezNirrz1r4mH1WaKHBLyUp2ujsFRmjDKVt5aqJgHa4BZyv5U8BpLhtUJXDhH0vgszR8l0EpD6yaWZ3HbctFQcn2EUlrU0VxxIulx8hT+CkqOViWpJbh+G1Up4HYsFXSZozliJ+98NMTT9Ny6ZT4JQU4AbEzTuU1kNPH1WNHuRcfgKfycojwnPWI/OVMcAPY0n4qZDycY1UkGtxuo7ww7PwXUA5g3BKEgT3C2mCpeSrDAQaqeec8dt5P2rQ0GRsCobGKhiuOJaLq9EgSudRd9iqhEWHUsIAZE0AdgUhrGN3NCbEg7Ue2O1PgOR64G5DbTO2ENpFiod2kNtMl6TclFjoeMiQZUjZJ3lCzRvKLCgnSngm3GQ7kt0sbRvCYkro2cQkMMxyO3lJNP9JyiyYodzGk+AUV9ZVydWO3ipKLF0MTd5UeSWmj3kKufFWS9aS3go78NL/nJSfeih2S58Woob7T2qmrM2UcQIYHOP5rU+/DKVo6QBUCoo6NvqBNKPkTb8FLWZue6/N0zj4qhq8xVMl/kAFo6inptdlgVXNhvPGzIyfALaO1eDN7mZl+YKqKTaazcumZGzNLisAilgLXN4jcsqzJ9XVvs2CwPEro2UsttwelDXNG2d5WeaUWqRpiUo8vo00TSRuUhrEbWgBLBCzSG5WANSgEW2BxRGVo4quCeRdkRaDvATZqWDikGsbwRcQ2yCqMOpKuMsnp45GneHNBCy2I8muWa4uccNjjcfWi6J+pag1abdUkpb4LyUoTOSYzyMQ9J+GV0jOxko2h571m28kOZXy2E1G1n03yH4WXeZJr8VCqK6OmaZJZWta3U3KylqtvTNY4HI5jR8lWYaRoLMxticODGOI+soq450yhHz81VFX0zd5bcOHuWoxHlSy1SxO5qrNRIPUiYT9e5c2zNykVGMxPgp4Oahd9I3JWq3yfQuImwwnlgonsDa1roZBvuNE5ifKhQVEZZSHnHndZcLeS9xPEq2wen+WaXbrqsmGKV2PDlcpVSNbV1OM4087Er2MdwBIVLiOWK2GJ00j9vib6rdYU+COFty0aKBmXGqWKlfG14JIsuOGqyOe2KO+ekxbXKRzERm9rJYiPYlmpjDie1JdWN4Bencn4PJ2xXbD5ooi0DeU0+qLtyZdK4ppSJbiuiSS0cUkytCilxKK6raTuJJnSTOVHugntFvHTKSkl57UmxKPYKdIVsG0e1EXI9hDZCOBcidpFqUuyCdhQ3YobBTiCLChGwhshLQRYUJ2QhZKRIHQVkNEEEAFdC6CK6BAuiugismICJHZEQgAaJJKVZFZMQm6CMoroA1gNksOUcyAKNLXtj4oM7LQEJYKo2Yq2+9Toa1kg0KdAWF0dwo4lCPnQkBIBSwonPIc+UATQjuO1QOecjEjjxSAnbQ7UOcaFD2iUeqAJfPNRc+FFse1HbvQBJ59DniUwAlt8EhjweSjuUhod2JwMeeCAAAjAShBIeCdZRyOKVjoaCUpjMMed6ebhdt5StFbWV4ShfsVozD2N3p4UsLd9lLkilBlNzbzuBRinlPAq8bHCNwUiKJruqxS8iRSxNmfFFKRuKcZh8ruBWrhoNveAFZU+GxCxICylqEjWOnbMZFgsr/VKsIMuyO3tK2cdPAwbgn2vibuaFjLVGsdMZeHLRtqFPiy2wbwrz0gDcEXpLuAWL1a+TVaV/BCiwKBm9oUtmG07B1Qj5554obbjvcs3qkaLTMWKeBnAJwc03cAmBbi5KBZ2rN6otaYe51o3BDnzwCZ2mpYdfcFm9Sy1p0hfOvKIPeSj17EYa7sUPPJlLFFAs7tTTg7i9PODlHe1x9ZQ8kmXGEQnFrWkuefNZDEsxmlxVsDSNg8VqnwBwN3KpqMHpXy7bo2k9pCrHkSdy5LcLVIm4LiTp3hw1V/XufLh8wA3sKpcPgip7BoACsqyuhgoZXSPAaGm9ynGdvgyyw6PKFc6SLE6l2oPOu+JU2jxIEBrzqrCrpo6mSRxA6TifMqlqcOkhO0zUL6pco+afdmgilZIBYp4NCy0NZJA6zr2CuaXEWvAubpOIKQWNNtRt9sKx5LDblGwj23fwlVeMSNfRNsfXCseTF2zyiYOf0p/hKUvaxr3I7dy2tvk2id9HEGfWx64aF3nlnZtZCY76NfCfqcPtXBgiHtCXYoC6PYRBKumILYR7CFyjBQMA0TjXDikIbJUsYxitvudJZZqmHy7PFX+J3FDIqGl/CGeKqJMjYN0jb4I0TR0G+CMNKkoZmjaenuUWRuil1bfvSX2VnxXSxyll9pvYVlKDbtHRjyJKmS3xAnRIsWlLimjn3aO7E46K6jlcM04fKLHDMy4lhlmxTl8Q/FydJv8A2Vy/PcskZAjdBJ2sdoskI3ApOxd1isnhxydtcmqzZIqrNFHm2ukcRJM5w8VPhxn0jfK6/eVjHROabhKZUPjOt/FbJLwc8lfZvBIX67RPvR3PErL0mLPjsC64V5TYnDMACbFWmjNxaJl7cUra00RN2Xi4KW2OyBCQ5ydbqELWRtCAFBhKUIyjabJwOCQxAZZLboj3orJDFhyVtpqyULJDHGuKWCm9pqPbASAeASkzzwHFDnhwTAeuUdyo4kcdwTzGSuOjSkFjrWOcnmxFOQwSW6hTpp5zuYUrKobDQEZcxu8o/Qat+4WQ+41U/eSlaHTGX1UbeKjyYi1u5WDctyuPScVJjysz1rlLfENrMxLXyyOswFSIRXTts1pWshy/TxEHYHkrGKjiiGjAk8i8AsfyY6HL1TUkGRxsVbUmUoGEF7bnvWjaA3cEsPKhzbLUEiNS4RTU4GzG0e5WMbI2CwAUfbchtuUlE3nLbkXO96h7TkW05AE3ne9Fzo7VBJejAeUATud70fPBRAx57U42F54FAiTz3ej526abTvTzadyYAEhSw4pQgKVzRCBBAlKvbeUktPakOA4uTEOGVoSTUgbkyXRN3uHmo0+KUFK0mapiYB9JwCVjolOqJHdVpSC2d+82CztXn/LtJcOxCFxHBh2j9SpqrlZwmMH0eGpmPdHYfWqSbEbr0W/WeSi5iFm+y5VV8rVU+4psODe+ST+So6rlHx6oJ2HQxD81pPxKpQYrR2581PGOAUKfFqWK95Gj3rg9RmjG6knnMQkF/ogBV8tZWTn5Wqnf4vKpY2LcjuNVmmhiveoYP2lUTZzoLkCpZ5rjxbfUgnxN0naDewe5P00G5nX48eirXbMUrTfvVnBhzqqxdJoexcZocUdSztIcd66xlzFpainYdkjxXLnm8Z1YMXqI0VPgFM3V4v4qzhw+liGkbfJRop3OCeD3Fcb1Nm/oUS28zHuaE6Kq24KCCSljxUfUPwHorySzVuSTVO7VGLmtGpCZfWQs3yNHvUvUSGsK8Im8+48SiMrjxVNPj1BACX1DB71TVefcKp7gTA27ChZJy6L9Gu0bHb7SURlAXNKvlToYgebaXFZ2u5V6h4Ip4mt7ybrRYc8+kS3ij3JHaH1bGdZ4AVfV5hoaVpMlQwW7SuB12esXrL3qS0Hg0KiqMRqao3lmkfftct4aDK/c6MparDHpWdrxblNw6lDmwv5x3Y3Vc4zBnjEMb2otowwHe0HU+KyVyUNV2YtFjg7fLOeesnJVHhDpkTZfdFslHsLqpHNbYW1YqTFiEsI6FkxzfchzZSai+xxlJdEp2NV50E7mjuUSWead21JI5x7ylc0lCIJJRj0huU5dsYsULFSNgIbIVbidpH2Sj5slP6IXCNwbRkRFHzQThcklyVsdILYaEdmhJuUEwDuBuSSUPcjsUCC1KFkrZQsiwoTZFZK0RXQALIWRXREoANFdFdEmAd0RKCCYgrlFqUaF0CCshZC6F0BQEEV0RKYWKSSURKK6KCwyUkuQKSdydEthF3BBJ4pSqibsv33IUCakdIb3U0bR4JYjeeCVkFYzD3X1cp1PTiI7ypDaeQ8E8ylkPBKx0BqWE4yjkPBSGYe870rQ6ZEAHajsFYtw4DeU4KKNu8hLch7WVYHcnGtdwarJsMDd5CVtU7eIS3D2Fe1jzwTjaeR3BSjV07OITbsWp2cQjcG0JtE8p5uHnioj8wQN3EKO/M0Y3EI5CkXLaBo3p1tLG3fZZl+ZxwumX5mkO4FFMODYiKJvYj2oW8QsM7MNS7cmXYzVP9ZLayrRvzV07OIRfdanZxC527EKl++Qpszyu3vd5o2js6K/MMDR1go0mZouDgsBtOO9x80oXS2ods2wzDzhs1ymwVr5rXKw1O8tcFfUVWW20XPlbXR14IKXZsKbW11b05AAWYpax5AsFbQTSOA4LzcuSZ6uPBBGiilH0lLZM36SoIto73KdFs2F3LjlORuscUW4mZ2pXPM7VXtkibxHmlemQM3vaotsNqJ3PjgLoxK87mlVr8YpIt8rQosuaaCLfO3zQoyfgLSL28h7AlBrzvcsfPn3DId87PNVk/Khh8d9l217Oq0jpssuosylmxx7kkdHbGOLk4BG0alcfqOVneIaeR3joqqo5UcTkvzcDGjvdddEf0/O/wBpzS1uFfuO68/A3e4JJxGmZvePNeeZuUDHJr2mYzwaoEuaMYqOvWyDw0W8f0vL5aRjL9Qw+LZ6NlzBRRDpStHiVBmzphkN9qpj/eXnOavq52/K1ErvFxUfac4G7ifEreP6V8yMZfqS8RPQVRyjYTEDeqZ5qmqeVXDGE7Di/wAAuV1OHFmAR1Zba5br23VNfVXD9Mwvtsif6jkXSR6Eyfmc5srXsia5kTDqTxVzn6V+Xct/dCmAMglYyzjpYrBch5++qpveFvuWAf2BlPZUw/xI+jxRntoT1eWUbs5c7lAxdw6HNs8BdV9bmjFK+N0c1Sdk7wNFQt3I9qy7I6fFF3GKOWWoyyVOTHw+yUXNcLFRucRc4VtRjYmpoY5QSBYqrlp5Kd1xe3aFbCUhImcJIyLaqkyWVjqh0sJY7hqtHycO2eUDBj+n/wCkrNPjLNq4totByfO2c+4Mf+IHwKU/axw7R6F5Ym35Opj9Grpz/qt9q4E0aLv/ACxu2OTOtedzZ6c//wAQLzvBUtkbcEKIdFS7Jgaj2U2Hoc4qEO7IRgBM84UXOFICSLI7gKLzjkNpxRQ7GsYI9AfbuWfpPwlnirfFSRRnxVTRC9Uwd6qPRLNY2UBoHcgZk0G6IrBSUHUybVPIPzSsy/55y0U1uYf7JWdd865HkPBKw8Xqm+9XPNiyqMO0qge5XPOCyTSfYKTXQ0WWTLgdsKQ54SC5pOqzeP4No5vkRs3CafEDwUoNBGhSHtIG5Y00zoTUkQXRlpuDZBlRJEd5UlwuEw9ncrUiHGuizosZewgE6LQUuMRSgAkXWH2bHvRiWRhuHFUQ0jpLJGyi4N0q1lhKPHJqdwDiSFqMOxymqrNc4B3egii0ugH2U6moRVAFhuCpzcuyu1spc4lKEilD7oF5Wgiy6++oUyPLg4tUvJEpY5GT2nHcCltjmduaVtIsvMHqqXHgkbfVCh5kUsTMMyjqH+qU+zCqh/AreR4XG31QpLKCNvqhS8zKWJGGhwCZ1tq6sIMuD1gte2mYOCWIgOCh5ZMpY4mehwGJm9qnR4XEz1QrUMCPYCnc2VtSIDaKNvqhOCmYPVCl7CGyiwojiBg9UJQiaOCf2UNlAhoRgcEoNHYl7KOyYhosCTzafsju0byEAMc0hzScM0Td7gmX4hTx73BACuaR80oUuPUUV9qRo8SqypzzhFMDt1cI/bCdMLRohClCnCwlTyp4PFcMnLz+Y0lVc/K5Ti/MUs7/ABACrZL4J3I6mIGDfZOBkY4hcTqOVjEn35iijb3vkv8ABVc/KNmOe+zUQxD8xl/iVSxSFvR6BBhbxCV6RA3e4LzXLm3H5785i1R4Ms34BQpMUrp/na+qkv8ASmd/NV6TFuPTM2NYfTAmWqhZb6TwFU1Ofsu0xIfilNccGv2vgvOpcHm7htHtdqjDrbtPBP0/yFnc6jlWwCK/NyTTfq4j9tlUVPK/T6inw6of3vIauSbSPbRsQcnQarlXxSS/MUUMftvJ+Cp6nlCzFUXtVxxDsjj/AJrKl6SXd6e2I+S1qMw4xV35/E6pw7BJsj6rKve4yO2pCXnteSfimtsdqLnGjimFDu0BuRFyZMre1Dn2DiixbR3elsi2jqVEdVNCR6fsnRH3Pof2rs0VNhsLwC95U5tHQQi5aCe9ZH7sTNFmmyYkxCpl3yFZPFkk+WbrPhiuIl9itTTNFow0eCoHTF7rAqO5znm7iSiFwbhbwhtVHNkyb3dGqy/h0U9Qx0muq7BhYo6WmaA5osF5+ixCrp9YpS1SHZgxZ7dk1sgHdouHUaPJlldndh1mPHDbTPQz8aoYR0pmD3qBU50wmlBL6lmnevPslZWTH5Spld4uKYLXONySfFZx/TP90glr4/tj/k7dVcqWEwXDHl57hdUVZyv7xTUzj3nRcvERShCt4/p+Fd2zF63K+kka+r5TsZqb82GxhU1Rm3GqknaqnC/YqsRJQiW8cGGPUUZvPml3IVLiVfP85UyH3qM7nHm7nuPiVI5tGI1qml0jJqT7ZFESUIlKEYR7CNwthGESMR9ykbIQ0RuHsQyI0oRJdwENrsStjpCebCPZCHSKKx7UDoGgREo7BCwQITqiul2RbKAEaokvZQsE7ChvVCxS7gIiUWKhOyhspV0V0BQWyhsoFySXJhwKsAhdIJKCBWGXJJchZEQmDsK6K6MhFZMQV0LoWQQKgIIXRXQALoIIJgBEhdEgQaIoIkwBZEjukkpi4AiJQ1KGySgQRKQ4pzY7U5HSzT6QwySH81pKdpCpsipSvKLJ2O1xHNYfKAeLxZaKl5KMalZtSujj7hqolmxrtlRxTfSGm00TexOBsLexZR2OSncEw/Fah3GyNjFuRsjNAziE27EadnrBYl9ZO/e8psvkdvcT709gtxtXY5Ts9YKO/M8Ldxv4LIbJKPYRsQbmaSTNJPVaVEkzJO7qtt71ThiUI06iH3MnOxurduNk07E6t/rpgMR7COB7WKNTUO3yOSC6R295PvSwxKDEtyGsY1sE8UYYng0I7BTuK9MaDO5KDE5cIttoS3MexBBiPZRGVoSTOEchUUOBqMNTBqEk1Ke2Qbool7IShshV5qSiM7u1GxsPUii3jka07wp0FeyO1yFmDM/tSTI48Soen3dlR1O3o3MWYIYhvCe/plFENCFz+5PFEs/ocb7Nf/IZF0b5+fdkdEE+AUaTlAqfUYVikFS0OFeCHr878mqlz1iT+rYe9QJs14rL+Pt4KkRrWOmxR6iZy1WaXcibJi+IS9apf7ioz6iaTryvd4uKbQWihFdIyc5y7YL9qF0EAC4gAalUQBKDXEaAn3LX5eyXJXvY+pBDSeqF1GDIWHx4W+MQNuWHWy4c2vx43t7O3HoMk47nwefVs8i5MGZ5XvnkeyBht0N5Ky2J0hocUqaU/ipC1dr5GoB9wy/iZHfFaanK4490fJnpsSlkqXgqM88nWF5fyq+vo2yc8x42nPdfRcmZvXpnlTjByBXabgCvMw+1GknKULkydVFKfBs8WjDeT+keN5dH9qxHFbrFHtdycUvaJGD4rCrbD0/5mebtfyOuciDrYjVN8F0TlgIHJ7MT/wCoh/iXNeRJ9saqW/mhdG5Z/wD9NaojhPCf9Sykv9UpfwzgDXXGiM3UGlqb6FWDSHBdDVGIi10eynNlGEANbKPYTlkAEAQcQjDYg4d6m5IfsZ2wd3/FNUbEvwdvj9iXlJ2zm/CT/wAUz4pP2sF2eleV+MzclWMAC+y2J/lI1eU4p5Kd+lxbeCvW/KUzneTDHh2Ue15OafsXluoo2TDaGju1Tj6Kn2KpsRa8AE2PYVOZK1/is3LBJC7UHxT9PWOZYONwtGiLNCEahQ1QcBY3CkiQOGikY6jBCa2kLoAi4wfvQeKq6D8KYp+LO+92jvUDDtatqpdCfZpNrRFcokLqCgpieYk9krPOPyrloZj8hJ7JWdeflXIGTMP1n9xVpZVeG61A96uLJiYjZQ2EsBHZIBAbZHftS7IrJNJlJtdCHRBwu1MPjLd4UoCyBIOjgspY/g3jl+SA5gTTo1PfC06tTD2EHUKOUacMhlqIXabtJae0KQQCkFipSE4l5gubq3CpGh/ysY811PLue8NxNrY3Pa2Ti12hXDi0hI3ODgSHDcQbEKJ4oz5HGbjweqYH087Q6NzTdSRC0cF5vwjPONYOWt530iIeq89LzXSMv8rGH1ZZDWEwSHhJp9a55YpRNVOL6Z0rmx2IbA7FEpcYoq1gdDM0371MD2O3OBWZQLBCyG0O1DaQIFkLIto9iK7uxAxdkeiaO0i17UWg2sdJA4pBkaOKZc4DimHytHFS8kUUsbZLMze1JM4Cr3ThNGdZvURRotPJkuoxJkDSSs5iWfsPw4HnZLEJzE6hgidcjcuTZoqIpJi0EE3WuDIskqFlw+nHcbGq5XKQXEMUr/BqpqnlVrZL8zRkDtc6ywAHcjAXesUEefvkzUz8oOOz32XRRDuBKrZ8x4zU35zEJQDwZ0VVWR2VVFeA+5jkk00xvLPLIfznkpsNZ9EI9ELhFhtFA9wQuUnbaEDKAi2OkL17UdkwZwkmoRTC4knRDaA4qIZyUkylG1i3onc4AiM4HFQNtxRXPajaG8n+kDtSTUhQtUkmye1BvZMNSkGclRgbpQBKNqFvbHued2pJlceKTsow1FILYW24oukeKVZHZMKYjZuhsJaOyVhQjZCFk5sEo+bJRY6Gii1KfESWIwEtw9rIwjJSxEVIAAQuAluY1BDQhSxEAlbYRbaVsqkDYCGyEkvKTtFFCtDlghom7lHYlFDsWSEVwk7JR7KAsPaQuShoEkvQKwzfik2RFxKLVMLFaIXASbIWQAe0iuSghYlAAuENoBDZKGwgQNpFtFHYBFcIAK5RWKBKK5KYB2QRIIAIhFYpSF0BQmyFkd0RQIJFdESiTFYZKSSjRJiCJRXR2RWTAO6LegiugAIIiUV0xWhSK6TdHvQKwIJTWEp+KnknkEUMb5JDuYxpcfIIsCNYlDZK2mE8meZ8WLS3DzTRn16g7P1b1usK5B3u2XYliLj2shbsjzNyp3oKOI7Nt6fp6Kpq3htNTyyuPBjCV6Zw3khy1h9nGjEzx60p2vitJBl/DaFobBSRMA7GhTLI10hqKfk8zYdydZixGxFHzLTxkP2Ba7DuRaZ9jXVru9sbbLufMsZo1gHgEktK55ZZvybKETn2G8lWA0FnPpmyvHrSdI/WtJBl7DqVobHTRtA7Gq7LCUgxjisXz2aJ10Q2UsEejYwPcnhE3g0J3YAQ22N3kKaKs8ZbCPYS7hFthetbOHagthGGotsIjIEchwhzZCOwTJlRc6lTHuQ/ojuAo3OlFzhT2sXqIl7YRc4Aom2UNoo2B6hKMwCIzqLcoJ7EL1GSDOkmcplCye1E72OGYojITxSLIWRtQrYe0TxRXKFkLJiAghZGmASCOyOyAoTZCyWhZFjoTZCyXZCyVhQmyFkuyFkWOhFkLJbWOcbNBJVjSYPPUuHRICiU1FclRg5OkisDSToLlTqTCKqrcAyMgHiQtnhGUC4tLmfUt9hOVo4WtJYPJefn/UIw4iehh0DlzM5FPlWeCn5xwJKrsMpb4zBE4euF3jG8HjZRO6I3LkdHTAZsjaBoHqNPrJZYyv4NM+jhCUXH5OwYDQsjjjOytnzQNPa3qrOYYzZjjWraL048F48XbdnfndUeVM6Q8znHEmW/G3+oLrnI3b+jzf1jviuX8orNjPeJD85p/wBIXTeRs/1AB+kd8V7md3p4/wBP/R5GFVqJ/wBf/Zq+VP8A/T+v9kLzADoV6e5VDbk/rvALzB2rfRex/wAzm1XvRbVVfIcGZRk3jOw4DsIVOpNQ68MfgFGXXFUjnbs6dyMSbOYp29rB8V1PldiM/JpXtG8Pid/rC5JyOutmp47YvtXYeU4bXJxifc2M/wCtq55fxf7G0f4Z5ZIdE+xBBCm01ZYgOUmenbMDcdLtVXLC+F1iPeunswL2OVrwlqkgqXRkAnRWsFQJBvUtUMeRhBC6QEPEvwZvtIZXds5qwo/8XH/EEMSP3sPaTWAO2cx4Yeyqi/iCH0C7PWGem85ycZgb/wD02Q/6bryyyTQL1Xmoc5kLHG9uGTf/AGyvKDQdhp7goxdF5Ox97GSts4BVtRQFpLo9R2KYHkJYkutLIKdkskLtLjuVjT1jX2BNnJU1MyUbrHtVbNTyQm9tO0J8MRetk7UvaBVJBWuj6L9QrGKZrxdpSaGM4ofkmjvUfDPwsJ3EjeNnimsM/CLp+BGgKGiZ51FtqSh6Yj0eT2Ss3J865Xkr/kX+Co5PnHeKQEzDTacFXO0FS0Gkl/FWO2mA+XIbdkxtoy5ADvOIucKZulcEAOc6UOcumiULgbykA4X23JEj7sN+xIdNE3e8KPJVxlpa3W6NtjUqGxUDasU814duKqnus4pUdQ5pUyxfBpHM/JanVILEzHVNdvUgODtyxaaOhNSGi2ybcwOGqkEJpwTTJaRMwzGMVw2VjKOoeQSAI3G4/wCy7llKfEpaZrq94LiL2BXAI5HQTMkb1mEOC6JhPKfFRwtZUUj9oCxLdQuXVQm6cEdOmlBJqbO3MLbapZmjbvIXNqPPoxJgMMb2g9oVnFiE1RqXOXmZM8oOmjvhpFJXZsX1sLfWCaNezhqs61zyFIjDyNSsHqsjNPpYItX1hO5MuqHHio4YeJStkDioeSb7ZSxwQsyE73JJsk7TG7yExPiEELSXPaPep+4qvgRVVHMtJsspi2bo6LaBOqZzHm+kponNbIC/gAVyrEMTkr6h0jybE6BejpNG8n3TXBzanVRwql2aPFc5VVbtNiu1p4lZqSV0ry+Rxc48SovOoc4V7GPDGCqKPIyZ5ZHcmSQ4BAyBRC8lAklabTL1CSZgEkzqOgjahb2Pc8UXOkptoTgajgdthbTjxQuSlWRoCmIsShspaCLDaJ2UdkpBKxqIVkLJSFilZVCDoFHe/VSi0lMugJKqLREk30JjN0+ChHTkJ9sKUpIqMWNBHYlPiMBK2QFG4vayOGEpQjKe0CG0lbHtQgRpQYAj2kW0lyPgPZAQuAk3QQAC5JuSjsj0CYCbEow1HdC5QFA2QhYIWKFkgCICGyErZR2CLChKF0eiFwgYnVCxR3RXQIItRbIR3R7QCdhSE7PchsojIk7ZKORcDmyAiJATdyUEUFiy4JJeklFZOhWK20ReUVkLI4DkG0Si8UaJMAIXQsjsEAJui1SiQiJQAWqBQuURQARKCGgRXCZIECQiJSS4J0FiroiUguSbkp0TY4XJBchsko9hHAcibokvZAQuAmvwJ8diLFGGo7qfhWE1eL1LYadh1Ni7gE3wrZKkm6RCay5AGpPALW5e5PMdx8tdFTinhP4ybTyG9dFyjyeUWHhk9SwSzb7u1suqYbFDAGta0ADguZ5rdI22NK2c9wDkOwqENkxOWasfxaTsM8h/NdHwvKWEYPEGUNBTwAfQYArtlrC25LW6gvJg5Mjtp2MFmgJzYATlkRVbUKxl7dFEkCmSOACrqmpjjvtOCxytJGuNNiXWTTnAbyqyrxuCK/THmqCuzTFGD0wPeuGWVeDrjikzVSVUbN5UCoxaKMHpBc0xXlCo6baDqht+wG6xWJ8pMspIpmOPedERjkn7UU/Th7mdqqcyQxA3kA96zWI58paeQNM7R+0uI1mZ8UrL7VQWA8GqpfI+R2097nO7SbreOjk/czN6qEfahnaKFyiQXo0eeC6CCCYAQR2QsgAkaOyNIdCUdkaNAUJshZKshZFjoKyFkpCyVjoKyKyXZGGosNo3sobJT2ylBiW4e0Y2Ueyn9kIbIS3D2jIYj2E9YIaJbh7RrYQ2U4iRY6EbKOycZE95s1qsqTBZp3C7TZRKaj2yo43LpFU2NzzZourCkwaaocOiVr8Myq55F2LaYZlqKEAuYL+C4c2vjH2ndi0LlzIxOFZSc7ZLmfUtrhmWI4gLsC0kFFHEAA0aKYwBvBeVl1c5no48EIdIjUmGxwgANCtIow0aWTLX2TjX3XK232Wyux4j0N/guP4XDzubwexxK6xmBx9Ef4Lm+W6dz8ySSEbiu3Svbjm/wZ5I24L8nVqKOzG6LSsH3sPBZ+msGNV+w3ph4LDGRqPB5j5TG2z7iH7H8IXR+Rr+4r/pXfFc85UG2z7W97Yz9S6PyOxluXWu4GRx+te3l500P6Hl4v8A+RP+pu850ba/LklM5u015FweK43PydU08h2Q+Ik72ru+Kta+iaHbrhUfo8IJJsljlKC4FOMZPk4JmnI9Tl/DW1on56n2ww3bZzSdyxq9BcpjIjkKvsQS0xkeO2F59Xfgm5xtnHmioy4OgckcgZm8AnrRH4rs3KTKw8nmJtvqWN/iC895NxMYTmKmqnGzQbO8CugZ4zjFiGDfc+nft86RtkcADdTOL9RMIyWyjnV7FJkjbK0hwR3QutjMqqindC783tSYpnRnerV4bI2zhdV1RTGM7TdWquxFhBVB4AJUq91n2PLDcKxpqsGzXJNALxH8GHtJjBzs43QO7KmI/wCsJ/ECDTAj6QUPD3bOJUruyZh/1BLwNdnsLGRzuS8Ub9LDZv8A7RXk2MjmmeyPgvWlQOdypWt+lQSj/wDhuXkeM/JM9kfBZYui8nY6QkWR30RhakAD7b0ZLXix1SSLpJBG5AEeeiBu6PyURrpIH8QexWgkI3pEzI5WnaGvanYiFUVPPRNB3gp7Dfnj4KE9uy4gG6fpXOY+4TEXR0Rg2CYY97hq0ozIG9ZzR4lSVY5KfkX+CppOu7xVhLUxlhaH3J00UB2sh8UqCyZRaO9ymEjtVYHljLjRNmoceJTSBstjI0cQkOqGDiqoylEZCnQrLE1jRuCQ6tdwCr9soiT2opCtkx1XIfWTLpnHe4+aYuiumA8X3QD9Qmw17tzSnGwSby2wCAoQ/ekpT96IC5QMAcQn4p3AgI4IBI6x7FMbTNbuClpMqLa6Fxv2hqlll0jYsjBIWTh8GyyfIl0abbHtStB3XT5dfemnHZIcOCmmVaOiYAIWwsAABWyo5Iw3rBcZpswvo22AOie/pvXNuGDzK8vLocuSVo9bHr8UIpNnan10MY1ePNMyZhpIBrK3zXDanM+JVO+XZHcVAkrqqU9Od596IfpUv3Mmf6pjXtVncajPFBCD8s3zVFW8plLHcRu2j3LkpLndYk+JSXLph+mY17nZyy/VJ/tikbus5Saya4gYR3kqgq8z4pWk7dQWg8AqNqWF1Q0uGHUTmnrM0+5Dr5XyO2nuLj2kpKSjW1HPYpBJRoANGko0hoNJcbJVikvabIGGx6eDrqMxpJUljClIqNh3QSxGliJRZdMa1RgFPiMJQaAluKURgMJShEntELpWytqECJK5sI7oXKnkdIGy0IWaEWqJAC7jgiuUVwiLwigsVdFdI2idyUGkpisCCWGJQaAlY6G7FHsFOaIXSsdCNhDZRlyLaRyHANlDZQuhqgAbIR6BJsUNklAALwEgyJWwhzafAuRG2ULlL5tHsItBTG0d0vYR7IRY6G7otU9YIiQiwoZsUNlOFwSSU7FQjZRGwSjdJQIK6KxR3Q1KYgrIrpVu1DQIChOqFkYKBcgYVkEkuCSZAnQrQslJJSC+6TclOidw4XDtSS8JOyShzZKdCsPnEkvKD2Bjdp2gRNLXkgHcnQr8A2ii1Kakm2XloG5SKAc/MQ4aAXVbXVkOauhOyURs3ercRMaLBoTb6djuCKDcVBmYEOfbwUyWgYdbW7woUlG9h6JB7k6RO+QXpFyltftKM5r29ZvmEQI4XB7lW1E75Elz9UA4EpjaJ4gpbAXOAANyqJfJZYdQSV9Q1jR0b6ldcyxh9PhkLA1o2uJWBwJ0dOG3ABW1pMQbYdJcGpnJ8I9DS40uWdCpq8BoAVjT1x2gbrG0NW11tVdw1DQN64HNo7fTTN/h1a2ZgaTqrEFc7hxIwODmutZWrc4RwxWkAJHG66sWsilUzky6ObdwNeXADVQKvFKelaS+QX7AueY5yk0tHG4yTtYOy65ZjvKpUVTnMoYzY+u/T6k/qcmXjDH+oLSQx85pV+DtWLZziia4Ne1gHElc6xvlJo4S4Gq23/RYbrkFfjeI4i8mpqnuB9UGwVaVS0kpu8srB6mEOMUf7m2xLlErKkkUsewPpPP2LL1mNYhWkmeqeQfVBsFAJRLphghDpHNPNOXbATc34okES2MgIkaJMBtBGjsmSEjQsjQOgkaFkLJDoCCNGkOggEdkEdigdAQR2Q2UrAJHZK2UeylY6EhGErZQslZVAuj2kWyjskMLaQuULIIACCWyJ8hsAVY0uFSSkXaVEpqPZUYOXRWsje82AKs6PCJZnDolaPDculxF2LY4bgDIwLtXFm1qj0d2HRN8yMrhmWS6xLPqWxw7L0cYF2hXdPRRxAWAU5oa0aLysuqlM9LHgjAYp6KOFos0KW1ltwRB6MSLlbbNRYYUoMSQ4lOtueCRLFNYE8xoCQGlKDSkQyqxwB1O4dyymA0TWVz3gbytXi8ZdEVUYRBzcx8VvB1BotLo0kWjQryJ16VvgqRugCs4pQKUa8E8fBhnVo868qeme6k9sUfwK2PJXj0NLggpnuAcx7uPesZypvD88VBB/FM+1UWCVUtM+8by2/YV9HhxrJgin8Hg5Mjx5pNHfc45zp8Pw2EMeDI9+gB4Ln1Vyiyhp2QVkcTqpaqdrpZHOsLC53KrqOorWCK4ZDzSfKL3MGcanGMLko3H5NxBPfYrIJ13UKaW8IqKpGUpOTtkmlNpArZxu0Kopz0wrW/QCbICsklHdBIoSgQCLFHZEgCFUUtrujHiFEBLSrhR56VsvSbo5OxEd05kg2Cbjek052amI9j2n60gxujcWuFjZBps4HsN0AezqUc9gEjPpUrx/oK8hx/Nt8AvXmBHnMGi/OgP8K8dunazo3dcaLHCrRpldMlhC9t5UE1J/wDyUgzv+lbwW9GVssNsDikumaOI95VcZCd5JSdvuRSC2TnVDeDh7hdMula76R+pR9s9yLaKAodJbwYPeUpkzmG7SB7lH2ii2igKJLp5H9aRx96bL+9NXKMNcdwKB0Otf0wO9OfjD4plkTw5pLdLhPN1efFJghcukKi3VhzQe2xFwliBo4JJjZXAOO5pShDIfVsrLmh2JWxbgnYqK4UrzvKcbRX3kqcGdyWAlY6IbaJg4J5lMweqFJAA4IWQFCBE0cEUjQIneCd9ybmd8g/wSGU796SN6WRcoi2yokm0ZBkPgpyog5zHbTSQVNgxHc2Ue8JNDTLApJF0bXMkF2uBCOxCkqxtzEy8WUlIc26BldMEwrCSC6iPiLVSIYkBGkhOAXQwAEhyd2U04aoTBoNqWksTgCTGkFZHZKARgJWUkEAjDUsBCymylEIMSw0JO1ZGH3S5K4F7IRbAKULlK2VNlUJawBOiwSQEdkmUlQraRglJFglXASKD1QAKTtIbRKQC7IXCTqUNkoGK2gk7aGyj2QjgORJcUWqXYIwAixUNhpKUGJywQvZKx0AMCWLAJsuKIkpD6HC4ItpI1Q2SigsVtIXQDEYaEByJ3ow1K0CLaCBig1HYJG2iL0UFi9Eeia2ii2iigse0REhNbRRFxRQWOlwSS5N7SLaToVjheiuSm7pQcigsMlFdETdBMQLoroi4BEXooVijdJ2UkvRbRToVoXYBAuATfSKGwSnQrDL0guTgiuliDuToTkR9o8Ekk8VMEIG9VNVM5krmt3XKpRbIc0SrX4pQivwUKke584uVc2CrYR6hGEJ7EtsCesEae1C3sbETQj2QOCUUE6JtkSv0pT7QUSk1LlKxI/eo9oKJR73e5EvaOPuGJTed/iVZYQOnKe4BVjtZHHvKtMKIbHJc2JcqfRPksyiQvdBQUEUxLA2RSERCAK51K9vVNwo0kDfWZY92itykuYHbxdAFKaa/Vd5p6CB0brn6lOdTM32sm9kNOiTk6KjFNj8VS+O1irGmxd7CLkqoRhYumdMbXRusNx8C13LQxZgYGXLx5rlDZnR6go5MUlDbBxXPPTqXR0R1G1cnS6/OMFLGSZBfsWKxXO1bVEtp3Fje1ZeWd8rrvcSUze60x6OEeXyZ5NZN8R4Hp6mapkMk0jnu7XFM3RXRLrSro4223bDRIIKhBIWRoICgrIWQRFAwFEUaSU0SxIRpKUgSDshZFdHdBSoNBBGEhgsj2ULo7qRgsjsiuhdLkYqwRpG0hdFDscuhcJu6F0UFjl0W0kXQuigsXtItpGyNzzoFY0uFvlIuFEpRj2XGEpdEBkb3nQKfS4Y+VwuCtHQYCXW6K0+H4C1tiWrjy6yMejtxaNvszeHYAXWu1avD8vtFiWq8pcPjiA6IVnGxrQvKy6qUj0senjEh02GxwtFmhTmRW0ASwQlgrkcm+zeqAGJQYEQKUASpAMMCWGhG1qcDQEiWwmgBOtSQAnGgIIbFAo7lGLJQLQmRZTYw8shJPYqnCJ2ySnxVhmOYMpXm/BYDCsxw0tY9sjwNe1dOLG5wbRpvUas6e6QNas5mLMxwehdI1wuBoO1UOLcoNJTRFsTucfbc1c4xrH6rGHl0rrMG5oXVptFOck5Kkcuo1WOEWk7ZVYxic+MYrPXVB+Ulde3YOASsONnKvO8qdQdZfRQSjwj5ybcnbLCoN3jwUSo+bKkznpKLOfkypfY10QXdUppOO6pTatCJFP1wrUHoBVEHXCtAeiEmSGgkWQUlC0CkXKK5QMWhdJ1Q1QAzWWMQNtbqAdxU6r+Z94UE7j4KkSezcrEPwajN+tE0eYC8b1g5uuqGfRlcPrK9gZKk5zAcOPbEz4BeSMSpXHFqwbrVEg/1FY4fJrl7IF0V1KbSDjcpxtK0eqFvZkQb3RhrzuaVYiEDgEsRgJWMrhBIfVShSvPEKxDEoNCLAgCj7SltpG9imbPcj2LJWIjsp2D1U6IwNwTuzbijsixkeYARDTe4KHEbuPiptVoxne5QYOugCzhFwnQ0JEHV8k6khsKyMNQRgEmwF0wBsorKVFQ1M3UhcfcrCDLOIT2tGRfuSbS7BJspbowVsKXIlTLbnLi6u6Tk/Y2xcy/bdZvLFFrHJnNhG5/VaSkVVPLHSve5hDbbyuyU2TKdlg6Juiqs75ehpMs1UzGAFjL7lCzpui3haVnF+KS4o0WySF0nOEHNOjkHQm126hJc2yDJHRnQ+5ABxzSQOu0kdysqfEGSWbJ0XKIOaqBYdF/YUxJA+M6hHYWXws4XBuhsqlgq5IDa5I7CrOCtjlAF7FS0UmPFt1FqmAMJU3QhRazSJJdjZWjen2hMN3qQxEhwFW0UeTepR3KNJvSixzXAGJ0BIjCesm2KKCslBElBSaJBoEIwjU2OhvZulNZYpVkoIsaiGNEd0AQhcKSgaowChdHdIYdkdgk3KGpQMVYI7hJDSj2UgDujQ0CG0AkMKxR7KLbSS8phwLsEdwE1clGASigsc2kV0WyUNlIA9EdwiDUrZCBhbSMFCwQuEhh3KIkoXRIEAlEhohtAJgHZCyLbRXJQAdwERcERBQAHFArCLii1KVtNCSZRwTE2vINko9lJMvYkl5KrayXOKHNAkF4CQT3oJqBDyBl5KK7ihohdWoEvICx7ULBC6Cewn1GHYIwQEm9uKO909qFvY6xodxTgYFG1abtNiltnI0cPejahOTJFkCkte124pW9MQSz9Ufl3eJ+K0IWdqfn3eJTQh7DxedW91U4d86VaneU2IO6K/YUm6CQxV7ororoIAiYk75Bg/O+xRqQ2Dk9iXzcY/OKiwu2WOKGuBxdMavckq0omj0Yd5JVUFbU3Rpo/C6qXRI+Hlu4pwTkbwmSQUQuoGSxM0pW0DxUNDacNxRQ7JZQA7VHbORvCebM08Uhpgk0YohNyn6mQbOiiNN1nI2xjoSkgFGToszcRLJYKE99ynZ3aqI4raETDJIO6O6QCjWtGSYaNEjSYwII7IikMCJBFdAAKK6BKJUkJsF0V0ESZLCRokaBINBBGkVQEaJBIYaNJRoGGgiujSGGgiQQMNBG1pJUqGlLyFLkkNJvojtjc46BTafDnyEaK0o8N2raLS0GFN0JauPLqVHo7MOlcuymocEJtdq09BgzW2u1WVNRsjA0CsomNavLy6mUj1cWmjETSUDGAaKzjia0aJljrBL523FcUpNnUopEkABKBCh88e1GJD2qaHRNDkoOChiTvToclQqJTXJfOAKK0lOBpKQmiQJkrnimQxLAa3eUEtIdEjksSFRJKuOMbwqusx6CnaS6QC3eqUW+iXRoDOG7yotTi0FO0lzwLd65xjHKDBDtMhftu7GrB4pmrEMRJBlMbDwBXbh/TsuTl8I5curw4/Ns32b87U2w6nheHvOmi5jLO+aR0jjv7FC2i6S5JJPEqXb5O69zT6WGCNI8bUauWeXPCCRE9FJBugTYFbGJGdvUyhPSUI71Loj01qjFlhN1lGn+bKcmdqmZDtMIUN8lpcEF3VKb4p17S0G6aVkj0PWCtGdUKri6wVnGegEmLyGUSUispKCQsjsjsgBNkaNCyAI9Z8x7wq/gfBWFb8x+0FXql0Jnrvk/k28tYU7thj+AXmfFo9jHMRbbdVzD/APiOXozkzl5zKWEu/QR/ALz1jzdnMuLN7K6f/wC45YYvJpk8FaAj2UaF1sZhWRgII0gD3oWQCO6ABayCAudydjpZ5erE8+5ADVkOCs4cCr5+rCR4q0pMm1kush2e6ylzivJShJmQrOrH4n4KBT9cLTZuwY4JLRxkkmRj3a91gszTddVFpq0JqnTL6jpJ52Xjjc4XtcblcUuWqyoIu3ZBW+yRgUMmVqKZ8YL5C95Nu1xH2LXw4TBHboDyXNPUU6R0Rw2rZy+jyK59jJtO7QtHRZHhiseaHvC3jKZjdzQndmyxeaTNFiijPUmWaeIDoDTgArSPDYowLMaPcpwuNyBcb6rNybLUUhttOwEWAunWxNHBHtDQ/Wi2tEDD2AsnyisH9DMRd2RFavasspyjG+SMSIv80U4e5Ey6Z5z9UpwAbAKbHVKdHzQXpM4UJEXOvDQbEpqWnfEbOClUwvUNCsHxhzdlwuEXQUZ/UKRHVkDZkG236wpM9ARdzNQoDoy02IV8MklmKKYXjOqjPjfEePikNLmm4JBUllQHDZlHvQAcFfJHo7pBSJ6hk0PRPuUWSnBG0w6JizmmyVILHm71JYNFHZvUyMaLObNcaARooknWUx25Q5D0koFT6FxJ9MRKS0IkKImyUAjKNtlNmlB2QsUu4Q0U2VQ3YoWKWhZOxUJAKWGowEaTY0gw0I9EV0VlJQq4QuisjAQANpC5R6BC4CBhWKLZRlyLaKBcB7KOwSLlDVADgsjuE170aVDFlyLaKK4RbSdBYq5R3Td0LlFCsXcIbQCRYo9lFBYZeklxR2CPROhOQgk8UQcOJRy6RuPcq/nXFUoNkPIkWHOtCSaloUAvNjqmdo668FSxpkPK10TX1wJIBUiO72B196pW7yryIWib4K9iRG+TG3sPApu5G8KSSEhzQeCaJdjIej20bouxNlpCfAuRZKIOSL2QunQhwFHcJu/YheyAF3PBHdIujugBV0V9USAKBi7oXukgo9UgDt2FKEr279QkBGgCQ2ZrhbcVQ1HzzlbcVTym8hQgJWH9cqyLtVW0HWKnF9iU2CFkog5NOkA3myISA7io3FbGPbSG13pvaQuDxTtA4sj4kbti8SojTaNyfryfkwe9RgfkyqJEq3iFoWD80KnVyDZjR2AJyANC6EbHzODIY3yO7GNLj9SvKDJmY8SIEGFThp9aQbA+tQ2l2NJvoo0RculYbyLY3VWdW1cNO072sBcVsMN5E8Fp7GslnqXcdp1h5BS8kUUsbZwO9zYansCtcPyzjuKOAo8MqZAfWLNkeZXpjDckYBhYHo2HQNI47Aur6Klhi0ZG1o7goeX4RSxryeScayzjOBxh2I0hib2h17KmaV3zltljiy29oa3afIxoPvH8lwIFTGTkrZttUaocDkbnaJtBx0RQ7I8puUw7enHnVNE6roijmmwwlAJLQnENhFBWQugSiukUKuiKJBFAEUV0CiVImwFEjRJgEggUSCQI0SF0AGjRXQSGg0ELoIGHdC6JBIYaCACejgc87km0hpNjY1TrIXOO5ToMOc62iuKTCSSLtWE80YnTjwSkVFPROdbRXFLhzrjoq7pcKDbdFW9PQtbbRefl1R6OHSfJW0VCW2uFe08WyNyeiga0blIa0Abl588rkejDEoiG3TzSUQ3p6NtysWzUNpcUsMcVIjjCfaxoUWKyK2AlOtpypILG8UDPG3iEuRWNNp0+2EBMOr4W+sFEnxyniGsg801FsTkWwa1qS+eOMakLI1ub6aIH5VvmsxiGfYRcRuLz3LfHpMk+kYT1GOHuZ0ioxeKIHpBZ7EM3QU4N5ALd65fXZtrKokM6APeqOapmndeSRzj3lejh/S33Nnn5f1OK4grN1imfnv2m093Ht4LJVuM1tc4mWZ1j6oKrboXK9PFpceP2o83LqsmTtjl0Ei5Qut6MLFDrhWOz8ifBVjesPFWl/kD4IZPkiEWKB1CWdQmybaKDQjnepFKbPUd29PUx6S0RkybKSUztX0Tr+CYcLG6zl2ax6Gptyjp6UplWuiH2OxdYKzj6oVXFvVnEeiEMnyOIIIKSg0ESPegAIBBDigBiuH3uPaCrRvVjXH73HtBV3FUuhHp3koqS7KWGttoImjf2Lh+ZxsZuxpvZXz//AHCuvckMpdlGiJ9UEf6iud5jy7U1WccZkbox9dKRbvcVhFpN2ayTaVGSuiv2LY0mSXvsXm91d0mSoYyNpl+8hN5ooSxSZzdkEshs1jj7lMhwetmI2YiL9q6xSZWgbpzY8lcU+CwxNB5seSyeoXg0WB+TklLlCsnttXAPYFeUuQ7gF+0dOK6bHRRMuQLdyfZFGy5ssnnkzRYYmHo8lU0Z1iDhfQ2V1S5Zp4gLRDyWhD2t0DbXRh1hbis3kbLUEiuhwiGMdFgCeFDEy/RUpr7jdqg8gsPapsqjiPK3M3+ktLTN/E0lz4ucT8AFgqXr+8BaXlGqTU57xLsiLIR+ywD43Wdw9u3VxM+k8BeniVQRw5Hcmel8qQ8xlbC2AainafO5+1XYOir8KAhwmji06FPGLfshTtoaWXmy9zO2PtQsOvxQ2tOxNk6oXvoUih29wklIFro7m9kCFA2Sw4JsH3Ii9gG8IAdJWU5R/wDA2J/q/tWidVRNFy8ALI8omI0z8lYhE2Rpe6OwF+8K4L7kTJ/azgA6pTjfmgmgegU4D8mF6JwofovwtnvVs5osqajd99N96szIUmhphkWUeaBkoNxY9qeDr6pJ1QBVzUjmHtCilpCvraa7lGmpGvBLdCqUvkmisjldGdDp2Jx0jXi5BDkUsD4zqE0N6oRIj3qZHuUJm9TI9yxmbYw37lCkPSU1+5Qn9ZEB5B2JSOCjRFSL6IkEegXSm3SbhLBCllIWAlAJG0juVJYrRC4SNSjsUBYu6G0k2R2SGDaR7SKyOwCADuhcoXCLaCABqgiLknaRQWL0QuEi6IuARQrHNpFtJoyBJMoToNyHrlHdRTOAnoJ4nOAkcWg8QntZO9DoStFYfcKtnpvSKEtq2cWM0ePdxVVtFr3Rva5j2mzmuFiD3hCjYPIkO3CF0gI+CpQIeX4DuULpOqO6pRRDm2KBR3SULqqJsKX5p3gVVhWUp+Sf4FVgQCFHqlM8D4J13VKZvofBOISEt4q9b1GjuVExXo6o8E2JBWRcULoJABERdHoj3hIY06MFNGOyk7iiNinYqIuoR7SdcwJssTsQm6O6TayF0ALDtUaQhdAC0e0kXR3QAvaQDki6PRIYraVQ/V5VoToqp3WKaAmUO8qY5Q6FS3dW6UgQw9w2j2pslInlbfo6ntTQlcFOxmimiUJHDvSxK079FFEw4pYcDuKTRSafQ7JG2Qai6a9GBFg+3iEeo3FGJDxCE2gcUzW5IyJDmivbDNVSRxjpPMYFwAu1YdyS5ZpSHPpDO7tlcXfFecqLE6rDqhtRR1MtPK03Do3EFdIy7y24th2zFitMyviG97DsSfyP1LOW9+SoqKO5UOWsJoGhtNRQxAfRYArNkETNzQPcsbgXKvlXHNmP7oCjndpzVWObN+47j5raxPjmYHxva9pGjmm4KgYeg3BCyXsoWRQhNkYRocEAcR5dai1BSw/TqB9QK4oF1fl0nvXYdDf13ut7lyYJ419prPsWiedEAkvOipEvojP3pvilvKbXRHo5pDrEtIajJUvstdAKSgSgmhBoihdJJQAaJFdC6ZNgKIlBG1pe6wTFYlCylNpu1Ocw3sSsRAQQQTGGhdEggBSCIJxrbpNlISASno4HPO5Owxi+qsoGMFtywnko3x4r7GKbDy4i4VxS4aBa4TtMYm2uVYR1ETeIXFkzSZ6GLBFDtNQMFtFawUzG20CrmV0TfWCebi0LBq4LinvZ2w2RLmOMAJ9rVQ/d6Bg6wTb80QM9YLL0Zvwa+tBeTTsb3p4AcSsVJnKFm54USbPDRfZJPgE1pMr6RL1mJeToG0xu8hH6XEz1guWT52md1GO95VdNmqvkvsu2fetY/p2V9nPL9SxLo7C/GImDrhQ5sywRg3laPeuNy4zXy9aod7lFfUTSHpyvPiVvH9L/ANzOeX6qv2o6zVZ2pYr/ACwJ8VRVefwbiK5XPrkoLqh+nYo98nNP9Syvrg01TnSvmJ2DsjvKqajGa+pN31DvAKvQXVDBjh0jlnqcs+5C3SPeek8nxKSggtTGwIIWPYUoRvPqpgJQTop3FOClPEpWIjoKV6KLJsxAAgjVFgMjerK/3v7lW8VYf7uhgNgpEnajukk3FlJVkc709T9dMuGqcgNpArRDLCVhbG2ThxTJ1Cto42y0ezbeFSkmN5Y7gbKZIqMhmVNJ2bfdNJroGOR71ZxdUKsj6wVtBG97RstJPcm+ifIopKmR4bVy2DYX69ysabK9bNYlpHuWTlFdstRk+kUV0BtE6BbSnyU82LgfJXNJk6KMgujv7lDzRRawyZzdkEzz0Y3H3KXDhFXLYiMgFdWgy5AywbC2wG+ynR4LGGgbAA7AFD1BawfJxHHcNmoKWJ0vrvsPcFQneupcqlEylwrDnNFrzvB/dXLDvW+OW6NmWSO2VHoTkdkByhBfhK8f6ir2qw6J+JVMlhd0zzu7ysxyOvP9EwL6Cok+IK1NXUbGIVLDe7ZXfFcefvg6MSA2ljiG1s+QTzLbJ2mgd6YMx32uk84RoBpbcsDcllzRqN47Epsxe3Z00UUXcL38UbSWuIt70ASmvG1r4Ii46gFM7e0NSUkuII1uLpAP7YsNdeCHOE77JkyB2m5IJ1uCbcUAPufsg9nHuR870g0m9+KZLwL6XumQ4iRu/eNEAeeMzz+k5pxea9w+rlI/eITWAM5zGqRnbIFErpedrqmT6cr3ebip2WiG4/Sk7g77F6y4iec+Wem2s2IWNFtGNH+kJQNgNdVkqvPVDA9zRfQ2CpK3lHZYiFn1rz/Tk30du+KXZ0rnWtO8JqSriadZALd649U58rpj0HBoVRPmTEagkuqH696taeT7IeeKO3TY5RwdeZnvKqKvPGHU1/lWnwXGpa6omPTmcfeo5JO838VotMvLM3qPhHT6zlJhabQsc7vCparlCrZCeaZsg9pWLRrRYIIh5psvanNmKVBvzxb4FU2KYjU1VFKJZXOBHHxSFHrfwOT3fFaKKXSM3Jvsqh1ClE9AJAPQKDj0AmBIotaoeBVmRdVdB+E/slWZKGNBjTej0ukXRJAOXSdxRXQukATmteLOCg1FIG9Ju5TikS6xlNcAVzNCpLDoo25yeadFMzSA486KG/rKS46KI46ogE2PR7k7qmolISkEeggEoIkaksWLJQITQdZDbSoqx66PaCY20NtG0Nw/tIttMbaLnAOKe0W8f20NpRXVACbNT2J7SXNE7a70kyAcVANQ4pBmcU1jJeQsDMAkGoCgc4TxQuVaxkvIyWahIM5Kj3Rgp7ES5sdMhKAcXHUpu6F9CnQrHWDabftQcwt1GoTLJC1uhT7ZmnfopdotU0SKDF6vDpRJSzujI8j7lrYs04Nj0bYMw0QZLazayEWe3/57wsU6Nj9Rv7QmHMcw9ylxjILlH+Ru6vJ1SIDV4LUsxSj3jmyOcaPZ4+7yWcN2vLXgtc02LXCxB8FDw7GK7CpxNR1D4nDsOh8QtnBm7BswsbDmWh2J7WbXU+jh49v1ouUe+R1GXXBmEFqa3JFT6Ka7BKqLF6LfeAjnG+LePu8lljcEgggjQghOMlLolxcewAo7pKIqiQpj8k/wVcCp0x+Rf4KvukNCnHolMncU4T0U0dxTiJgj3+8K8HBUcW/3hXV02AZAuiQ4IJAHxQRXRpABEe5BBABIrX4JW5BAxpzLpssIUglFa6diojWRp1zAU2WEbk7EJQuiN0EAKujukIXQAonRVfFWJ3KuQMm0egKFXKRZgPik0ujSmZzeUp+RDd0SNrXPcGtFyVKjpANXm57AhuhkRHchWTY2tFgxtvBIfTRv3DYPduU7h0Q2ykJxsrTvRSUkrNQ3aHa1MbkUmNSaJVwdyFlGDiNxTjZe1S40Wpp9jmvuV5geccfy5IHYZic8LR+KLtph/ZOiow4FGW3U/wAykvKO2YBy/wAjA2LH8MD+BnpTY+JafsK6fgXKDljMQaKHFIRMfxMp2H+RXkIghC5BBBII3HsS2rwO/k9x3BAINweKI7ivI+X+UrNOXHNbS4k+aAfiKn5RhHv1HuK6rgfL/hVRGI8cw6ejltrLT/Kxn3aOH1qHFhaMly3SbWZqFnZG4/WFzMFanlGzTRZozE2poOcdBGzZD3t2dq5vuWTa5PGmopMuck5cDwKTIdEQckvKpIlvgjvKSjdvSVuujnfY4ChdJuhdKh2KQuk3KK6KCwyUSJBMVhoXRIIEBOQfOhNJcbtl4KAJ5v2pNyktlB3pW0CpEf/Z\" alt=\"9a40417755c4b9bf45c8e0f4a8403b05.jpeg\" data-href=\"\" style=\"width: 551.40px;height: 310.20px;\"/></p><p>新教室，好看不！？</p>', '2025-05-14 20:55:01', NULL, 6, 0, 1);
INSERT INTO `post` VALUES (16, 4, 5, 'czczc', '<p>cxzcxzcxzcxzc</p>', '2025-07-16 19:51:38', NULL, 0, 0, 1);

-- ----------------------------
-- Table structure for post_favorite
-- ----------------------------
DROP TABLE IF EXISTS `post_favorite`;
CREATE TABLE `post_favorite`  (
  `id` int(11) NOT NULL AUTO_INCREMENT COMMENT '记录ID',
  `post_id` int(11) NOT NULL COMMENT '帖子ID',
  `user_id` int(11) NOT NULL COMMENT '用户ID',
  `create_time` datetime NOT NULL COMMENT '收藏时间',
  `status` int(11) NOT NULL DEFAULT 1 COMMENT '状态（0-取消收藏，1-已收藏）',
  PRIMARY KEY (`id`) USING BTREE,
  UNIQUE INDEX `idx_post_user`(`post_id` ASC, `user_id` ASC) USING BTREE,
  INDEX `idx_user_id`(`user_id` ASC) USING BTREE,
  CONSTRAINT `fk_favorite_post` FOREIGN KEY (`post_id`) REFERENCES `post` (`post_id`) ON DELETE CASCADE ON UPDATE RESTRICT,
  CONSTRAINT `fk_favorite_user` FOREIGN KEY (`user_id`) REFERENCES `user` (`user_id`) ON DELETE CASCADE ON UPDATE RESTRICT
) ENGINE = InnoDB AUTO_INCREMENT = 15 CHARACTER SET = utf8mb4 COLLATE = utf8mb4_0900_ai_ci COMMENT = '帖子收藏表' ROW_FORMAT = DYNAMIC;

-- ----------------------------
-- Records of post_favorite
-- ----------------------------
INSERT INTO `post_favorite` VALUES (1, 1, 4, '2025-02-10 09:30:00', 1);
INSERT INTO `post_favorite` VALUES (2, 1, 5, '2025-02-10 10:45:00', 1);
INSERT INTO `post_favorite` VALUES (3, 2, 6, '2025-02-10 14:15:00', 1);
INSERT INTO `post_favorite` VALUES (4, 3, 5, '2025-02-11 11:00:00', 1);
INSERT INTO `post_favorite` VALUES (5, 4, 4, '2025-02-11 15:30:00', 1);
INSERT INTO `post_favorite` VALUES (6, 4, 6, '2025-02-12 09:45:00', 1);
INSERT INTO `post_favorite` VALUES (7, 13, 4, '2025-05-01 15:13:05', 0);
INSERT INTO `post_favorite` VALUES (8, 13, 7, '2025-05-02 09:05:52', 0);
INSERT INTO `post_favorite` VALUES (10, 9, 7, '2025-05-02 01:16:30', 0);
INSERT INTO `post_favorite` VALUES (11, 8, 7, '2025-05-02 09:05:58', 1);
INSERT INTO `post_favorite` VALUES (12, 6, 7, '2025-05-02 09:06:05', 0);
INSERT INTO `post_favorite` VALUES (13, 4, 7, '2025-05-14 17:46:58', 0);
INSERT INTO `post_favorite` VALUES (14, 15, 7, '2025-05-14 20:55:06', 1);

-- ----------------------------
-- Table structure for report
-- ----------------------------
DROP TABLE IF EXISTS `report`;
CREATE TABLE `report`  (
  `report_id` int(11) NOT NULL AUTO_INCREMENT COMMENT '举报ID',
  `user_id` int(11) NOT NULL COMMENT '举报用户ID',
  `type` int(11) NOT NULL COMMENT '举报类型（1-帖子，2-评论，3-资源）',
  `target_id` int(11) NOT NULL COMMENT '举报目标ID',
  `reason` varchar(500) CHARACTER SET utf8mb4 COLLATE utf8mb4_0900_ai_ci NOT NULL COMMENT '举报原因',
  `create_time` datetime NOT NULL COMMENT '举报时间',
  `handler_id` int(11) NULL DEFAULT NULL COMMENT '处理人ID',
  `handle_time` datetime NULL DEFAULT NULL COMMENT '处理时间',
  `status` int(11) NOT NULL DEFAULT 0 COMMENT '举报状态（0-未处理，1-已处理，2-驳回）',
  PRIMARY KEY (`report_id`) USING BTREE,
  INDEX `idx_user_id`(`user_id` ASC) USING BTREE,
  INDEX `idx_handler_id`(`handler_id` ASC) USING BTREE,
  CONSTRAINT `fk_report_handler` FOREIGN KEY (`handler_id`) REFERENCES `user` (`user_id`) ON DELETE SET NULL ON UPDATE RESTRICT,
  CONSTRAINT `fk_report_user` FOREIGN KEY (`user_id`) REFERENCES `user` (`user_id`) ON DELETE CASCADE ON UPDATE RESTRICT
) ENGINE = InnoDB AUTO_INCREMENT = 5 CHARACTER SET = utf8mb4 COLLATE = utf8mb4_0900_ai_ci COMMENT = '举报表' ROW_FORMAT = DYNAMIC;

-- ----------------------------
-- Records of report
-- ----------------------------
INSERT INTO `report` VALUES (1, 4, 2, 6, '评论内容与主题无关', '2025-01-28 15:30:00', 1, '2025-04-28 17:26:17', 1);
INSERT INTO `report` VALUES (2, 5, 1, 3, '帖子内容涉嫌抄袭', '2025-01-29 10:45:00', 1, '2025-01-29 14:20:00', 2);
INSERT INTO `report` VALUES (3, 6, 3, 2, '资源无法下载', '2025-01-30 16:00:00', 1, '2025-01-30 16:50:00', 1);
INSERT INTO `report` VALUES (4, 5, 3, 5, '这个工具有病毒！！！！！！！！！！！！', '2025-05-02 09:46:30', 1, '2025-07-16 19:50:11', 2);

-- ----------------------------
-- Table structure for resource
-- ----------------------------
DROP TABLE IF EXISTS `resource`;
CREATE TABLE `resource`  (
  `resource_id` int(11) NOT NULL AUTO_INCREMENT COMMENT '资源ID',
  `resource_name` varchar(200) CHARACTER SET utf8mb4 COLLATE utf8mb4_0900_ai_ci NOT NULL COMMENT '资源名称',
  `description` varchar(500) CHARACTER SET utf8mb4 COLLATE utf8mb4_0900_ai_ci NULL DEFAULT NULL COMMENT '资源描述',
  `file_path` varchar(255) CHARACTER SET utf8mb4 COLLATE utf8mb4_0900_ai_ci NOT NULL COMMENT '文件路径',
  `file_size` int(11) NOT NULL COMMENT '文件大小（KB）',
  `file_type` varchar(50) CHARACTER SET utf8mb4 COLLATE utf8mb4_0900_ai_ci NOT NULL COMMENT '文件类型',
  `user_id` int(11) NOT NULL COMMENT '上传用户ID',
  `category_id` int(11) NOT NULL COMMENT '资源分类ID',
  `download_count` int(11) NOT NULL DEFAULT 0 COMMENT '下载次数',
  `create_time` datetime NOT NULL COMMENT '上传时间',
  `status` int(11) NOT NULL DEFAULT 1 COMMENT '资源状态（0-删除，1-正常）',
  PRIMARY KEY (`resource_id`) USING BTREE,
  INDEX `idx_user_id`(`user_id` ASC) USING BTREE,
  INDEX `idx_category_id`(`category_id` ASC) USING BTREE,
  CONSTRAINT `fk_resource_category` FOREIGN KEY (`category_id`) REFERENCES `resource_category` (`category_id`) ON DELETE CASCADE ON UPDATE RESTRICT,
  CONSTRAINT `fk_resource_user` FOREIGN KEY (`user_id`) REFERENCES `user` (`user_id`) ON DELETE CASCADE ON UPDATE RESTRICT
) ENGINE = InnoDB AUTO_INCREMENT = 7 CHARACTER SET = utf8mb4 COLLATE = utf8mb4_0900_ai_ci COMMENT = '资源表' ROW_FORMAT = DYNAMIC;

-- ----------------------------
-- Records of resource
-- ----------------------------
INSERT INTO `resource` VALUES (1, '高等数学课件（上）', '高等数学第一学期课件，包含极限、导数、积分等内容', '/resources/calculus_part1.pptx', 15360, 'pptx', 2, 1, 45, '2025-01-20 10:00:00', 1);
INSERT INTO `resource` VALUES (2, 'Java程序设计实验指导', 'Java程序设计课程的实验指导书，包含10个实验', '/resources/java_lab_guide.pdf', 8192, 'pdf', 3, 2, 69, '2025-01-21 14:30:00', 1);
INSERT INTO `resource` VALUES (3, '数据结构习题集', '数据结构课程的习题集，含详细解答', '/resources/ds_exercises.pdf', 12288, 'pdf', 2, 3, 92, '2025-01-22 09:15:00', 1);
INSERT INTO `resource` VALUES (4, '机器学习算法研究', '关于机器学习算法优化的研究论文', '/resources/ml_algorithm_research.pdf', 5120, 'pdf', 3, 4, 31, '2025-01-23 16:45:00', 1);
INSERT INTO `resource` VALUES (5, 'Python数据分析工具包', 'Python数据分析常用工具包及使用说明', '/resources/python_data_tools.zip', 30720, 'zip', 2, 5, 58, '2025-01-24 11:20:00', 1);
INSERT INTO `resource` VALUES (6, '11', '', '/common/1746157771735.png', 153, 'png', 5, 5, 6, '2025-05-02 11:49:32', 1);

-- ----------------------------
-- Table structure for resource_category
-- ----------------------------
DROP TABLE IF EXISTS `resource_category`;
CREATE TABLE `resource_category`  (
  `category_id` int(11) NOT NULL AUTO_INCREMENT COMMENT '分类ID',
  `category_name` varchar(100) CHARACTER SET utf8mb4 COLLATE utf8mb4_0900_ai_ci NOT NULL COMMENT '分类名称',
  `description` varchar(500) CHARACTER SET utf8mb4 COLLATE utf8mb4_0900_ai_ci NULL DEFAULT NULL COMMENT '分类描述',
  `create_time` datetime NOT NULL COMMENT '创建时间',
  `status` int(11) NOT NULL DEFAULT 1 COMMENT '分类状态（0-禁用，1-正常）',
  PRIMARY KEY (`category_id`) USING BTREE,
  UNIQUE INDEX `idx_category_name`(`category_name` ASC) USING BTREE
) ENGINE = InnoDB AUTO_INCREMENT = 7 CHARACTER SET = utf8mb4 COLLATE = utf8mb4_0900_ai_ci COMMENT = '资源分类表' ROW_FORMAT = DYNAMIC;

-- ----------------------------
-- Records of resource_category
-- ----------------------------
INSERT INTO `resource_category` VALUES (1, '教学课件', '各类课程的教学课件', '2025-01-06 09:00:00', 1);
INSERT INTO `resource_category` VALUES (2, '实验资料', '实验指导书和相关资料', '2025-01-06 09:30:00', 1);
INSERT INTO `resource_category` VALUES (3, '习题集', '各类习题和解答', '2025-01-06 10:00:00', 1);
INSERT INTO `resource_category` VALUES (4, '学术论文', '教师和学生发表的学术论文', '2025-01-06 10:30:00', 1);
INSERT INTO `resource_category` VALUES (5, '软件工具', '学习和研究用软件工具', '2025-01-06 11:00:00', 1);

-- ----------------------------
-- Table structure for section
-- ----------------------------
DROP TABLE IF EXISTS `section`;
CREATE TABLE `section`  (
  `section_id` int(11) NOT NULL AUTO_INCREMENT COMMENT '版区ID',
  `section_name` varchar(100) CHARACTER SET utf8mb4 COLLATE utf8mb4_0900_ai_ci NOT NULL COMMENT '版区名称',
  `description` varchar(500) CHARACTER SET utf8mb4 COLLATE utf8mb4_0900_ai_ci NULL DEFAULT NULL COMMENT '版区描述',
  `create_time` datetime NOT NULL COMMENT '创建时间',
  `update_time` datetime NULL DEFAULT NULL COMMENT '最后更新时间',
  `status` int(11) NOT NULL DEFAULT 1 COMMENT '版区状态（0-禁用，1-正常）',
  PRIMARY KEY (`section_id`) USING BTREE,
  UNIQUE INDEX `idx_section_name`(`section_name` ASC) USING BTREE
) ENGINE = InnoDB AUTO_INCREMENT = 9 CHARACTER SET = utf8mb4 COLLATE = utf8mb4_0900_ai_ci COMMENT = '版区表' ROW_FORMAT = DYNAMIC;

-- ----------------------------
-- Records of section
-- ----------------------------
INSERT INTO `section` VALUES (1, '学术交流', '各学科学术讨论与交流的版区', '2025-01-05 09:00:00', '2025-04-28 15:31:50', 1);
INSERT INTO `section` VALUES (2, '教学资源', '共享各类教学资源的版区', '2025-01-05 09:30:00', '2025-01-05 09:30:00', 1);
INSERT INTO `section` VALUES (3, '课外活动', '讨论各类课外活动的版区', '2025-01-05 10:00:00', '2025-05-01 11:53:48', 1);
INSERT INTO `section` VALUES (4, '技术交流', '讨论各类技术问题的版区11', '2025-01-05 10:30:00', '2025-05-01 11:31:45', 0);
INSERT INTO `section` VALUES (5, '校园生活', '分享校园生活点滴的版区', '2025-01-05 11:00:00', '2025-05-02 09:46:02', 1);

-- ----------------------------
-- Table structure for section_moderator
-- ----------------------------
DROP TABLE IF EXISTS `section_moderator`;
CREATE TABLE `section_moderator`  (
  `id` int(11) NOT NULL AUTO_INCREMENT COMMENT '记录ID',
  `section_id` int(11) NOT NULL COMMENT '版区ID',
  `user_id` int(11) NOT NULL COMMENT '用户ID',
  `appoint_time` datetime NOT NULL COMMENT '任命时间',
  `appoint_by` int(11) NOT NULL COMMENT '任命人ID',
  `status` int(11) NOT NULL DEFAULT 1 COMMENT '状态（0-停用，1-正常）',
  `remark` varchar(200) CHARACTER SET utf8mb4 COLLATE utf8mb4_0900_ai_ci NULL DEFAULT NULL COMMENT '备注说明',
  PRIMARY KEY (`id`) USING BTREE,
  UNIQUE INDEX `idx_section_user`(`section_id` ASC, `user_id` ASC) USING BTREE,
  INDEX `idx_user_id`(`user_id` ASC) USING BTREE,
  INDEX `idx_appoint_by`(`appoint_by` ASC) USING BTREE,
  CONSTRAINT `fk_moderator_appoint` FOREIGN KEY (`appoint_by`) REFERENCES `user` (`user_id`) ON DELETE CASCADE ON UPDATE RESTRICT,
  CONSTRAINT `fk_moderator_section` FOREIGN KEY (`section_id`) REFERENCES `section` (`section_id`) ON DELETE CASCADE ON UPDATE RESTRICT,
  CONSTRAINT `fk_moderator_user` FOREIGN KEY (`user_id`) REFERENCES `user` (`user_id`) ON DELETE CASCADE ON UPDATE RESTRICT
) ENGINE = InnoDB AUTO_INCREMENT = 7 CHARACTER SET = utf8mb4 COLLATE = utf8mb4_0900_ai_ci COMMENT = '版主表' ROW_FORMAT = DYNAMIC;

-- ----------------------------
-- Records of section_moderator
-- ----------------------------
INSERT INTO `section_moderator` VALUES (1, 1, 2, '2025-02-01 09:00:00', 1, 1, '负责学术交流版块的日常管理');
INSERT INTO `section_moderator` VALUES (2, 2, 3, '2025-02-01 09:30:00', 1, 1, '负责教学资源版块的日常管理');
INSERT INTO `section_moderator` VALUES (3, 3, 4, '2025-02-01 10:00:00', 1, 1, '负责课外活动版块的日常管理');
INSERT INTO `section_moderator` VALUES (4, 4, 2, '2025-02-01 10:30:00', 1, 1, '负责技术交流版块的日常管理');
INSERT INTO `section_moderator` VALUES (5, 5, 5, '2025-02-01 11:00:00', 1, 1, '负责校园生活版块的日常管理1');

-- ----------------------------
-- Table structure for user
-- ----------------------------
DROP TABLE IF EXISTS `user`;
CREATE TABLE `user`  (
  `user_id` int(11) NOT NULL AUTO_INCREMENT COMMENT '用户ID',
  `username` varchar(50) CHARACTER SET utf8mb4 COLLATE utf8mb4_0900_ai_ci NOT NULL COMMENT '用户名',
  `password` varchar(100) CHARACTER SET utf8mb4 COLLATE utf8mb4_0900_ai_ci NOT NULL COMMENT '密码（加密存储）',
  `real_name` varchar(50) CHARACTER SET utf8mb4 COLLATE utf8mb4_0900_ai_ci NULL DEFAULT NULL COMMENT '真实姓名',
  `role` int(11) NOT NULL COMMENT '角色类型（1-管理员，2-教师，3-学生）',
  `email` varchar(100) CHARACTER SET utf8mb4 COLLATE utf8mb4_0900_ai_ci NULL DEFAULT NULL COMMENT '电子邮箱',
  `phone` varchar(20) CHARACTER SET utf8mb4 COLLATE utf8mb4_0900_ai_ci NULL DEFAULT NULL COMMENT '联系电话',
  `avatar` varchar(255) CHARACTER SET utf8mb4 COLLATE utf8mb4_0900_ai_ci NULL DEFAULT NULL COMMENT '用户头像URL',
  `signature` varchar(200) CHARACTER SET utf8mb4 COLLATE utf8mb4_0900_ai_ci NULL DEFAULT NULL COMMENT '个性签名',
  `profile` text CHARACTER SET utf8mb4 COLLATE utf8mb4_0900_ai_ci NULL COMMENT '个人简介',
  `create_time` datetime NOT NULL COMMENT '创建时间',
  `update_time` datetime NULL DEFAULT NULL COMMENT '最后更新时间',
  `status` int(11) NOT NULL DEFAULT 1 COMMENT '用户状态（0-禁用，1-正常）',
  PRIMARY KEY (`user_id`) USING BTREE,
  UNIQUE INDEX `idx_username`(`username` ASC) USING BTREE
) ENGINE = InnoDB AUTO_INCREMENT = 11 CHARACTER SET = utf8mb4 COLLATE = utf8mb4_0900_ai_ci COMMENT = '用户表' ROW_FORMAT = DYNAMIC;

-- ----------------------------
-- Records of user
-- ----------------------------
INSERT INTO `user` VALUES (1, 'admin', '$2a$10$6e70YJTCnUGC3FB3dtDz.OPMk5bIwTf3CJ0iOL1AbduDMAKo82KWu', '系统管理员', 1, 'admin@example.com', '13800000000', '/img/1746158913254.png', '系统管理员', '负责整个论坛的管理和维护', '2025-01-01 00:00:00', '2025-05-02 12:27:27', 1);
INSERT INTO `user` VALUES (2, 'teacher1', '$2a$10$HGSNXHp.1dVuZBd6KXzn3eveNbt6X0P8HSkW/tF/ufMhdFO//8MTi', '张教授', 2, 'teacher1@example.com', '13900000001', '/img/1746148657230.jpg', '资深教授，热爱教学', '从事计算机教学多年，经验丰富', '2025-01-02 10:00:00', '2025-05-02 09:17:38', 1);
INSERT INTO `user` VALUES (3, 'teacher2', '$2a$10$c/ogJgpkVPXQZTb.ZyBw0Obp7KGOhWQjOQJto2t0e7n/6QKyqeObi', '李教授', 2, 'teacher2@example.com', '13900000001', '/avatars/teacher2.png', '专注教育研究', '致力于教育改革与创新', '2025-01-02 11:00:00', '2025-04-26 23:42:11', 1);
INSERT INTO `user` VALUES (4, 'student1', '$2a$10$6e70YJTCnUGC3FB3dtDz.OPMk5bIwTf3CJ0iOL1AbduDMAKo82KWu', '王同学', 3, 'student1@example.com', '13700000001', '/img/1746150123994.png', '努力学习，不断进步', '计算机专业学生，热爱编程', '2025-01-03 09:00:00', '2025-05-02 09:42:05', 1);
INSERT INTO `user` VALUES (5, 'student2', '$2a$10$HGSNXHp.1dVuZBd6KXzn3eveNbt6X0P8HSkW/tF/ufMhdFO//8MTi', '赵同学', 3, 'student2@example.com', '13700000002', '/img/1746157361948.png', '勤思考，善总结', '数学专业学生，喜欢思考', '2025-01-03 10:00:00', '2025-05-02 11:42:42', 1);
INSERT INTO `user` VALUES (6, 'student3', '$2a$10$6e70YJTCnUGC3FB3dtDz.OPMk5bIwTf3CJ0iOL1AbduDMAKo82KWu', '刘同学', 3, 'student3@example.com', '13700000003', '/avatars/student3.png', '探索未知，追求真理', '物理专业学生，对宇宙充满好奇', '2025-01-03 11:00:00', '2025-01-03 11:00:00', 1);
INSERT INTO `user` VALUES (7, 'ftfx', '$2a$10$HGSNXHp.1dVuZBd6KXzn3eveNbt6X0P8HSkW/tF/ufMhdFO//8MTi', '将向', 3, '161461@163.com', '15252393000', '/img/1746117410868.jpg', '永远相信！', NULL, '2025-04-26 23:13:48', '2025-05-02 00:57:35', 1);
INSERT INTO `user` VALUES (10, 'www', '$2a$10$N/Aa7VLSzkcDg0G8n5bM7OLrTJ0VeFyYloPvF9yMsbIk2FgY41lFa', 'dw', 3, '392716797@qq.com', '17654323222', '/avatars/default.png', NULL, NULL, '2025-07-16 19:55:45', NULL, 1);

SET FOREIGN_KEY_CHECKS = 1;
